id_transaccion,id_cuenta,tipo,monto,fecha,descripcion
TX000001,ACC000001,TRANSFER_IN,120.86,2026-01-04 12:59:07,TRANSFER_IN automático
TX000002,ACC000001,TRANSFER_OUT,72.42,2026-02-09 11:49:00,TRANSFER_OUT automático
TX000003,ACC000001,RETIRO,118.34,2026-02-25 00:27:34,RETIRO automático
TX000004,ACC000001,DEPOSITO,399.31,2026-02-16 18:04:39,DEPOSITO automático
TX000005,ACC000001,RETIRO,84.36,2026-01-13 07:47:18,RETIRO automático
TX000006,ACC000001,RETIRO,56.51,2026-01-29 19:09:38,RETIRO automático
TX000007,ACC000001,TRANSFER_IN,226.04,2026-02-24 01:36:48,TRANSFER_IN automático
TX000008,ACC000001,RETIRO,105.93,2026-02-25 01:09:28,RETIRO automático
TX000009,ACC000001,RETIRO,144.9,2026-01-26 18:31:41,RETIRO automático
TX000010,ACC000001,TRANSFER_IN,76.11,2026-01-11 21:19:14,TRANSFER_IN automático
TX000011,ACC000001,DEPOSITO,190.0,2026-02-04 12:43:01,DEPOSITO automático
TX000012,ACC000001,DEPOSITO,398.54,2026-01-12 10:40:43,DEPOSITO automático
TX000013,ACC000001,DEPOSITO,146.68,2026-01-27 10:42:20,DEPOSITO automático
TX000014,ACC000001,RETIRO,95.24,2026-01-05 01:47:48,RETIRO automático
TX000015,ACC000001,RETIRO,43.39,2026-01-26 03:05:26,RETIRO automático
TX000016,ACC000001,RETIRO,30.52,2026-01-02 03:21:30,RETIRO automático
TX000017,ACC000001,DEPOSITO,454.1,2026-01-25 12:31:53,DEPOSITO automático
TX000018,ACC000001,TRANSFER_OUT,117.53,2026-01-29 17:48:11,TRANSFER_OUT automático
TX000019,ACC000001,DEPOSITO,315.64,2026-01-20 23:09:49,DEPOSITO automático
TX000020,ACC000001,TRANSFER_OUT,47.97,2026-01-11 23:37:40,TRANSFER_OUT automático
TX000021,ACC000001,TRANSFER_IN,225.43,2026-01-13 23:10:27,TRANSFER_IN automático
TX000022,ACC000001,DEPOSITO,57.77,2026-02-07 16:04:42,DEPOSITO automático
TX000023,ACC000001,DEPOSITO,417.87,2026-02-26 15:11:40,DEPOSITO automático
TX000024,ACC000001,TRANSFER_OUT,222.22,2026-02-24 14:25:24,TRANSFER_OUT automático
TX000025,ACC000001,RETIRO,96.61,2026-01-11 12:28:11,RETIRO automático
TX000026,ACC000001,RETIRO,125.89,2026-02-02 03:11:26,RETIRO automático
TX000027,ACC000001,TRANSFER_IN,103.52,2026-02-13 17:32:23,TRANSFER_IN automático
TX000028,ACC000001,TRANSFER_OUT,176.21,2026-01-08 19:20:14,TRANSFER_OUT automático
TX000029,ACC000001,DEPOSITO,107.21,2026-02-14 23:36:12,DEPOSITO automático
TX000030,ACC000001,TRANSFER_IN,204.66,2026-02-06 04:10:24,TRANSFER_IN automático
TX000031,ACC000001,TRANSFER_OUT,42.4,2026-02-06 11:03:57,TRANSFER_OUT automático
TX000032,ACC000001,DEPOSITO,225.82,2026-02-26 16:25:49,DEPOSITO automático
TX000033,ACC000001,DEPOSITO,49.15,2026-02-24 13:36:04,DEPOSITO automático
TX000034,ACC000001,DEPOSITO,10.54,2026-01-18 19:54:35,DEPOSITO automático
TX000035,ACC000002,TRANSFER_OUT,71.99,2026-02-20 17:06:44,TRANSFER_OUT automático
TX000036,ACC000002,DEPOSITO,263.29,2026-02-27 16:17:45,DEPOSITO automático
TX000037,ACC000002,TRANSFER_OUT,24.11,2026-02-03 05:19:58,TRANSFER_OUT automático
TX000038,ACC000002,TRANSFER_IN,84.37,2026-01-23 00:13:14,TRANSFER_IN automático
TX000039,ACC000002,TRANSFER_OUT,32.04,2026-01-29 14:27:34,TRANSFER_OUT automático
TX000040,ACC000002,TRANSFER_IN,69.13,2026-02-19 02:09:51,TRANSFER_IN automático
TX000041,ACC000002,RETIRO,94.44,2026-01-18 20:27:08,RETIRO automático
TX000042,ACC000002,DEPOSITO,64.22,2026-01-03 09:52:52,DEPOSITO automático
TX000043,ACC000002,TRANSFER_OUT,154.79,2026-01-02 03:13:15,TRANSFER_OUT automático
TX000044,ACC000002,DEPOSITO,256.54,2026-01-01 12:01:15,DEPOSITO automático
TX000045,ACC000002,DEPOSITO,257.5,2026-02-17 18:42:59,DEPOSITO automático
TX000046,ACC000002,RETIRO,21.73,2026-01-27 22:01:47,RETIRO automático
TX000047,ACC000002,TRANSFER_OUT,243.61,2026-01-18 23:26:03,TRANSFER_OUT automático
TX000048,ACC000002,DEPOSITO,344.01,2026-02-17 20:26:30,DEPOSITO automático
TX000049,ACC000002,DEPOSITO,257.8,2026-01-02 12:16:39,DEPOSITO automático
TX000050,ACC000002,TRANSFER_IN,268.66,2026-02-04 00:37:37,TRANSFER_IN automático
TX000051,ACC000002,RETIRO,170.45,2026-02-13 06:53:04,RETIRO automático
TX000052,ACC000002,DEPOSITO,149.79,2026-01-23 07:39:12,DEPOSITO automático
TX000053,ACC000002,TRANSFER_IN,39.74,2026-01-08 14:32:41,TRANSFER_IN automático
TX000054,ACC000003,DEPOSITO,93.66,2026-02-21 02:18:35,DEPOSITO automático
TX000055,ACC000003,DEPOSITO,220.72,2026-01-19 10:35:11,DEPOSITO automático
TX000056,ACC000003,TRANSFER_OUT,68.94,2026-02-11 23:37:24,TRANSFER_OUT automático
TX000057,ACC000003,TRANSFER_OUT,266.05,2026-01-06 00:11:30,TRANSFER_OUT automático
TX000058,ACC000003,DEPOSITO,469.38,2026-01-23 12:26:19,DEPOSITO automático
TX000059,ACC000003,DEPOSITO,167.64,2026-01-31 13:48:21,DEPOSITO automático
TX000060,ACC000003,RETIRO,163.58,2026-02-15 19:44:24,RETIRO automático
TX000061,ACC000003,DEPOSITO,171.15,2026-02-13 11:52:44,DEPOSITO automático
TX000062,ACC000003,RETIRO,30.55,2026-02-24 13:44:40,RETIRO automático
TX000063,ACC000003,DEPOSITO,52.26,2026-01-03 16:36:11,DEPOSITO automático
TX000064,ACC000003,DEPOSITO,75.12,2026-01-27 05:01:02,DEPOSITO automático
TX000065,ACC000003,RETIRO,56.87,2026-01-09 19:31:44,RETIRO automático
TX000066,ACC000003,TRANSFER_OUT,224.56,2026-02-16 07:49:08,TRANSFER_OUT automático
TX000067,ACC000003,DEPOSITO,444.42,2026-02-14 21:33:56,DEPOSITO automático
TX000068,ACC000003,RETIRO,138.44,2026-01-08 16:08:16,RETIRO automático
TX000069,ACC000003,RETIRO,50.98,2026-02-08 08:41:27,RETIRO automático
TX000070,ACC000003,TRANSFER_IN,82.24,2026-01-16 02:24:29,TRANSFER_IN automático
TX000071,ACC000003,TRANSFER_IN,168.66,2026-01-23 07:57:54,TRANSFER_IN automático
TX000072,ACC000003,DEPOSITO,109.01,2026-01-25 16:55:38,DEPOSITO automático
TX000073,ACC000003,TRANSFER_IN,238.73,2026-02-19 00:52:47,TRANSFER_IN automático
TX000074,ACC000003,DEPOSITO,249.22,2026-01-03 05:09:01,DEPOSITO automático
TX000075,ACC000003,DEPOSITO,440.75,2026-02-19 02:42:42,DEPOSITO automático
TX000076,ACC000003,RETIRO,22.39,2026-01-16 13:38:02,RETIRO automático
TX000077,ACC000003,RETIRO,22.47,2026-02-10 03:28:49,RETIRO automático
TX000078,ACC000003,RETIRO,77.53,2026-01-01 10:41:33,RETIRO automático
TX000079,ACC000003,DEPOSITO,395.11,2026-01-04 16:54:44,DEPOSITO automático
TX000080,ACC000003,DEPOSITO,106.48,2026-02-21 00:12:14,DEPOSITO automático
TX000081,ACC000003,RETIRO,59.91,2026-02-08 23:33:47,RETIRO automático
TX000082,ACC000003,DEPOSITO,214.58,2026-01-12 08:30:34,DEPOSITO automático
TX000083,ACC000003,DEPOSITO,119.12,2026-02-15 23:47:47,DEPOSITO automático
TX000084,ACC000003,RETIRO,123.22,2026-02-06 06:22:44,RETIRO automático
TX000085,ACC000003,RETIRO,78.3,2026-01-31 06:21:27,RETIRO automático
TX000086,ACC000003,RETIRO,109.4,2026-02-09 14:00:51,RETIRO automático
TX000087,ACC000003,DEPOSITO,70.7,2026-02-22 19:59:02,DEPOSITO automático
TX000088,ACC000003,RETIRO,122.19,2026-02-06 15:42:11,RETIRO automático
TX000089,ACC000003,TRANSFER_OUT,229.4,2026-01-16 13:28:56,TRANSFER_OUT automático
TX000090,ACC000003,TRANSFER_OUT,179.45,2026-01-06 11:23:51,TRANSFER_OUT automático
TX000091,ACC000003,RETIRO,190.99,2026-01-31 05:11:32,RETIRO automático
TX000092,ACC000003,RETIRO,180.99,2026-02-19 02:01:19,RETIRO automático
TX000093,ACC000003,RETIRO,167.39,2026-02-04 22:18:44,RETIRO automático
TX000094,ACC000003,TRANSFER_OUT,26.86,2026-01-25 16:12:35,TRANSFER_OUT automático
TX000095,ACC000004,DEPOSITO,473.17,2026-02-03 13:05:48,DEPOSITO automático
TX000096,ACC000004,TRANSFER_IN,234.3,2026-02-10 11:13:18,TRANSFER_IN automático
TX000097,ACC000004,DEPOSITO,484.5,2026-01-18 20:47:05,DEPOSITO automático
TX000098,ACC000004,DEPOSITO,162.07,2026-02-10 20:07:33,DEPOSITO automático
TX000099,ACC000004,TRANSFER_IN,164.37,2026-02-16 04:04:12,TRANSFER_IN automático
TX000100,ACC000004,TRANSFER_IN,156.11,2026-01-22 13:37:29,TRANSFER_IN automático
TX000101,ACC000004,TRANSFER_IN,162.15,2026-01-23 12:53:42,TRANSFER_IN automático
TX000102,ACC000004,TRANSFER_IN,256.04,2026-01-29 09:11:56,TRANSFER_IN automático
TX000103,ACC000004,RETIRO,5.17,2026-01-14 13:51:14,RETIRO automático
TX000104,ACC000004,DEPOSITO,370.42,2026-01-02 19:36:35,DEPOSITO automático
TX000105,ACC000004,DEPOSITO,265.66,2026-02-22 17:25:55,DEPOSITO automático
TX000106,ACC000004,DEPOSITO,106.03,2026-02-16 12:57:50,DEPOSITO automático
TX000107,ACC000005,TRANSFER_IN,125.63,2026-01-01 05:07:39,TRANSFER_IN automático
TX000108,ACC000005,RETIRO,65.51,2026-02-12 00:50:23,RETIRO automático
TX000109,ACC000005,TRANSFER_OUT,88.93,2026-01-17 16:43:47,TRANSFER_OUT automático
TX000110,ACC000005,RETIRO,141.64,2026-01-26 10:56:52,RETIRO automático
TX000111,ACC000005,DEPOSITO,224.68,2026-01-06 17:58:59,DEPOSITO automático
TX000112,ACC000005,TRANSFER_OUT,158.25,2026-01-15 21:54:12,TRANSFER_OUT automático
TX000113,ACC000005,RETIRO,59.97,2026-02-01 18:28:02,RETIRO automático
TX000114,ACC000005,RETIRO,7.64,2026-01-26 01:15:33,RETIRO automático
TX000115,ACC000005,RETIRO,48.19,2026-02-07 08:32:08,RETIRO automático
TX000116,ACC000005,TRANSFER_IN,80.82,2026-02-15 01:22:22,TRANSFER_IN automático
TX000117,ACC000005,DEPOSITO,19.85,2026-02-18 05:16:51,DEPOSITO automático
TX000118,ACC000005,TRANSFER_IN,271.08,2026-02-02 04:52:07,TRANSFER_IN automático
TX000119,ACC000005,DEPOSITO,26.24,2026-01-03 17:47:02,DEPOSITO automático
TX000120,ACC000005,TRANSFER_OUT,272.68,2026-02-19 11:52:32,TRANSFER_OUT automático
TX000121,ACC000005,DEPOSITO,40.65,2026-02-08 23:59:26,DEPOSITO automático
TX000122,ACC000005,TRANSFER_IN,102.99,2026-02-24 23:01:25,TRANSFER_IN automático
TX000123,ACC000005,TRANSFER_IN,176.77,2026-02-22 13:27:52,TRANSFER_IN automático
TX000124,ACC000005,DEPOSITO,492.18,2026-01-03 20:28:38,DEPOSITO automático
TX000125,ACC000005,DEPOSITO,486.32,2026-01-10 20:02:28,DEPOSITO automático
TX000126,ACC000005,DEPOSITO,150.28,2026-01-01 08:37:40,DEPOSITO automático
TX000127,ACC000005,DEPOSITO,72.95,2026-01-16 07:15:34,DEPOSITO automático
TX000128,ACC000005,RETIRO,165.92,2026-01-05 17:55:37,RETIRO automático
TX000129,ACC000005,DEPOSITO,92.4,2026-02-14 04:57:42,DEPOSITO automático
TX000130,ACC000005,TRANSFER_OUT,52.73,2026-02-13 12:54:13,TRANSFER_OUT automático
TX000131,ACC000005,RETIRO,69.19,2026-02-24 15:01:39,RETIRO automático
TX000132,ACC000005,TRANSFER_IN,37.98,2026-02-24 06:49:57,TRANSFER_IN automático
TX000133,ACC000005,TRANSFER_OUT,215.85,2026-01-24 06:22:18,TRANSFER_OUT automático
TX000134,ACC000005,DEPOSITO,387.23,2026-02-01 22:00:24,DEPOSITO automático
TX000135,ACC000005,DEPOSITO,342.25,2026-01-26 13:43:06,DEPOSITO automático
TX000136,ACC000005,DEPOSITO,498.86,2026-02-25 11:07:53,DEPOSITO automático
TX000137,ACC000005,TRANSFER_OUT,98.43,2026-02-17 10:30:31,TRANSFER_OUT automático
TX000138,ACC000005,DEPOSITO,314.88,2026-01-20 23:17:58,DEPOSITO automático
TX000139,ACC000005,DEPOSITO,349.9,2026-01-21 08:45:16,DEPOSITO automático
TX000140,ACC000005,RETIRO,147.83,2026-01-31 16:15:28,RETIRO automático
TX000141,ACC000005,DEPOSITO,389.45,2026-01-16 21:44:03,DEPOSITO automático
TX000142,ACC000005,RETIRO,25.02,2026-02-25 12:41:03,RETIRO automático
TX000143,ACC000005,RETIRO,118.23,2026-01-31 15:16:41,RETIRO automático
TX000144,ACC000005,RETIRO,165.48,2026-01-29 20:19:15,RETIRO automático
TX000145,ACC000005,DEPOSITO,224.4,2026-01-11 03:54:15,DEPOSITO automático
TX000146,ACC000005,RETIRO,41.43,2026-01-06 13:16:55,RETIRO automático
TX000147,ACC000005,DEPOSITO,138.12,2026-02-12 22:56:23,DEPOSITO automático
TX000148,ACC000005,TRANSFER_IN,140.65,2026-01-27 20:28:51,TRANSFER_IN automático
TX000149,ACC000005,DEPOSITO,450.28,2026-02-08 07:12:16,DEPOSITO automático
TX000150,ACC000005,RETIRO,126.11,2026-01-28 07:30:53,RETIRO automático
TX000151,ACC000005,TRANSFER_IN,104.18,2026-02-20 14:36:31,TRANSFER_IN automático
TX000152,ACC000005,RETIRO,52.85,2026-02-20 21:46:16,RETIRO automático
TX000153,ACC000005,RETIRO,41.22,2026-02-08 05:42:58,RETIRO automático
TX000154,ACC000005,RETIRO,74.79,2026-02-19 05:26:14,RETIRO automático
TX000155,ACC000006,TRANSFER_IN,92.96,2026-02-19 23:18:13,TRANSFER_IN automático
TX000156,ACC000006,TRANSFER_IN,90.38,2026-02-25 18:46:36,TRANSFER_IN automático
TX000157,ACC000006,RETIRO,52.83,2026-01-15 03:07:34,RETIRO automático
TX000158,ACC000006,DEPOSITO,175.72,2026-02-01 08:58:00,DEPOSITO automático
TX000159,ACC000006,DEPOSITO,36.14,2026-02-20 17:56:36,DEPOSITO automático
TX000160,ACC000006,TRANSFER_OUT,118.72,2026-01-21 06:51:21,TRANSFER_OUT automático
TX000161,ACC000006,DEPOSITO,268.6,2026-02-06 19:55:27,DEPOSITO automático
TX000162,ACC000006,RETIRO,103.87,2026-02-17 16:58:26,RETIRO automático
TX000163,ACC000006,DEPOSITO,104.48,2026-01-03 08:54:21,DEPOSITO automático
TX000164,ACC000006,RETIRO,133.24,2026-02-19 00:56:26,RETIRO automático
TX000165,ACC000006,RETIRO,30.75,2026-01-19 20:39:42,RETIRO automático
TX000166,ACC000006,DEPOSITO,321.05,2026-02-04 11:46:40,DEPOSITO automático
TX000167,ACC000006,DEPOSITO,373.1,2026-01-02 00:48:08,DEPOSITO automático
TX000168,ACC000006,TRANSFER_OUT,62.56,2026-01-28 23:11:08,TRANSFER_OUT automático
TX000169,ACC000006,RETIRO,152.46,2026-01-19 13:18:38,RETIRO automático
TX000170,ACC000006,TRANSFER_OUT,121.53,2026-01-30 12:05:22,TRANSFER_OUT automático
TX000171,ACC000006,TRANSFER_IN,68.13,2026-02-28 04:36:04,TRANSFER_IN automático
TX000172,ACC000006,DEPOSITO,123.39,2026-02-10 04:25:00,DEPOSITO automático
TX000173,ACC000006,DEPOSITO,338.18,2026-02-17 10:50:39,DEPOSITO automático
TX000174,ACC000006,TRANSFER_IN,253.03,2026-02-04 02:18:08,TRANSFER_IN automático
TX000175,ACC000006,DEPOSITO,156.03,2026-02-25 20:17:37,DEPOSITO automático
TX000176,ACC000006,DEPOSITO,123.27,2026-01-18 06:01:12,DEPOSITO automático
TX000177,ACC000006,TRANSFER_OUT,259.42,2026-01-24 07:20:04,TRANSFER_OUT automático
TX000178,ACC000006,RETIRO,176.35,2026-02-19 17:01:53,RETIRO automático
TX000179,ACC000006,RETIRO,129.52,2026-01-26 14:32:09,RETIRO automático
TX000180,ACC000006,TRANSFER_OUT,149.75,2026-02-27 06:46:37,TRANSFER_OUT automático
TX000181,ACC000006,RETIRO,153.72,2026-02-12 08:05:02,RETIRO automático
TX000182,ACC000006,DEPOSITO,102.59,2026-02-23 17:08:28,DEPOSITO automático
TX000183,ACC000006,TRANSFER_OUT,243.87,2026-01-15 21:01:06,TRANSFER_OUT automático
TX000184,ACC000007,DEPOSITO,312.81,2026-02-09 05:16:43,DEPOSITO automático
TX000185,ACC000007,TRANSFER_IN,32.73,2026-01-28 14:25:50,TRANSFER_IN automático
TX000186,ACC000007,DEPOSITO,275.7,2026-02-20 03:14:53,DEPOSITO automático
TX000187,ACC000007,DEPOSITO,327.18,2026-02-16 21:20:00,DEPOSITO automático
TX000188,ACC000007,TRANSFER_OUT,98.79,2026-01-21 21:51:15,TRANSFER_OUT automático
TX000189,ACC000007,DEPOSITO,138.37,2026-02-20 23:56:07,DEPOSITO automático
TX000190,ACC000007,RETIRO,104.45,2026-01-25 21:15:09,RETIRO automático
TX000191,ACC000007,TRANSFER_IN,38.99,2026-02-13 02:38:37,TRANSFER_IN automático
TX000192,ACC000007,TRANSFER_OUT,92.19,2026-02-05 14:52:19,TRANSFER_OUT automático
TX000193,ACC000007,TRANSFER_OUT,219.49,2026-02-06 13:00:39,TRANSFER_OUT automático
TX000194,ACC000007,TRANSFER_OUT,93.96,2026-01-26 08:00:05,TRANSFER_OUT automático
TX000195,ACC000008,TRANSFER_OUT,274.73,2026-02-10 20:01:11,TRANSFER_OUT automático
TX000196,ACC000008,RETIRO,192.16,2026-02-02 15:16:23,RETIRO automático
TX000197,ACC000008,DEPOSITO,430.92,2026-02-23 10:13:32,DEPOSITO automático
TX000198,ACC000008,RETIRO,98.15,2026-01-02 23:02:00,RETIRO automático
TX000199,ACC000008,TRANSFER_IN,66.98,2026-01-18 02:54:41,TRANSFER_IN automático
TX000200,ACC000008,DEPOSITO,437.42,2026-01-06 16:17:45,DEPOSITO automático
TX000201,ACC000008,TRANSFER_IN,144.74,2026-02-13 12:54:21,TRANSFER_IN automático
TX000202,ACC000008,TRANSFER_IN,171.87,2026-01-26 01:24:24,TRANSFER_IN automático
TX000203,ACC000008,DEPOSITO,42.96,2026-01-18 10:46:29,DEPOSITO automático
TX000204,ACC000008,RETIRO,111.56,2026-01-01 00:33:57,RETIRO automático
TX000205,ACC000008,DEPOSITO,112.05,2026-02-09 04:06:20,DEPOSITO automático
TX000206,ACC000008,DEPOSITO,205.15,2026-02-12 07:12:35,DEPOSITO automático
TX000207,ACC000008,DEPOSITO,316.51,2026-01-01 00:10:39,DEPOSITO automático
TX000208,ACC000008,TRANSFER_IN,177.29,2026-02-13 02:56:36,TRANSFER_IN automático
TX000209,ACC000008,DEPOSITO,438.39,2026-01-19 17:07:22,DEPOSITO automático
TX000210,ACC000008,DEPOSITO,496.78,2026-02-28 05:25:33,DEPOSITO automático
TX000211,ACC000008,DEPOSITO,349.55,2026-02-01 18:08:27,DEPOSITO automático
TX000212,ACC000008,TRANSFER_IN,82.76,2026-02-07 16:19:33,TRANSFER_IN automático
TX000213,ACC000008,DEPOSITO,81.52,2026-02-27 13:29:41,DEPOSITO automático
TX000214,ACC000008,TRANSFER_IN,180.92,2026-01-04 04:57:40,TRANSFER_IN automático
TX000215,ACC000008,DEPOSITO,10.58,2026-01-06 23:35:57,DEPOSITO automático
TX000216,ACC000008,RETIRO,173.58,2026-02-27 06:45:05,RETIRO automático
TX000217,ACC000008,RETIRO,158.58,2026-02-28 07:26:47,RETIRO automático
TX000218,ACC000008,TRANSFER_OUT,227.6,2026-02-13 08:16:06,TRANSFER_OUT automático
TX000219,ACC000008,TRANSFER_IN,274.92,2026-01-01 06:50:25,TRANSFER_IN automático
TX000220,ACC000008,DEPOSITO,307.22,2026-01-14 20:01:08,DEPOSITO automático
TX000221,ACC000008,TRANSFER_IN,246.61,2026-01-19 13:35:07,TRANSFER_IN automático
TX000222,ACC000008,DEPOSITO,278.56,2026-01-24 02:54:33,DEPOSITO automático
TX000223,ACC000008,DEPOSITO,217.13,2026-02-02 12:22:32,DEPOSITO automático
TX000224,ACC000008,RETIRO,191.26,2026-01-14 01:57:47,RETIRO automático
TX000225,ACC000008,RETIRO,67.29,2026-01-30 01:08:10,RETIRO automático
TX000226,ACC000008,TRANSFER_OUT,152.06,2026-02-06 16:13:36,TRANSFER_OUT automático
TX000227,ACC000008,RETIRO,131.9,2026-01-14 17:17:34,RETIRO automático
TX000228,ACC000008,DEPOSITO,396.71,2026-02-09 18:30:23,DEPOSITO automático
TX000229,ACC000008,TRANSFER_OUT,242.65,2026-01-02 14:48:35,TRANSFER_OUT automático
TX000230,ACC000008,TRANSFER_OUT,270.55,2026-01-21 03:40:57,TRANSFER_OUT automático
TX000231,ACC000008,RETIRO,56.52,2026-02-14 16:53:04,RETIRO automático
TX000232,ACC000008,DEPOSITO,41.02,2026-01-04 05:10:39,DEPOSITO automático
TX000233,ACC000008,TRANSFER_OUT,109.69,2026-02-28 01:27:54,TRANSFER_OUT automático
TX000234,ACC000008,RETIRO,182.44,2026-01-10 15:53:21,RETIRO automático
TX000235,ACC000008,RETIRO,164.03,2026-02-13 14:06:45,RETIRO automático
TX000236,ACC000008,DEPOSITO,298.85,2026-02-20 20:01:24,DEPOSITO automático
TX000237,ACC000009,DEPOSITO,229.44,2026-01-02 13:13:01,DEPOSITO automático
TX000238,ACC000009,DEPOSITO,41.01,2026-01-29 04:11:05,DEPOSITO automático
TX000239,ACC000009,RETIRO,167.3,2026-01-28 07:46:30,RETIRO automático
TX000240,ACC000009,DEPOSITO,126.83,2026-01-13 08:12:12,DEPOSITO automático
TX000241,ACC000009,DEPOSITO,143.26,2026-01-09 03:42:35,DEPOSITO automático
TX000242,ACC000009,TRANSFER_OUT,44.65,2026-01-17 06:02:43,TRANSFER_OUT automático
TX000243,ACC000009,RETIRO,10.0,2026-01-19 10:27:18,RETIRO automático
TX000244,ACC000009,TRANSFER_OUT,174.58,2026-01-31 10:32:36,TRANSFER_OUT automático
TX000245,ACC000009,RETIRO,91.01,2026-02-07 05:38:36,RETIRO automático
TX000246,ACC000009,RETIRO,12.16,2026-02-06 17:44:39,RETIRO automático
TX000247,ACC000009,RETIRO,59.94,2026-02-26 07:42:20,RETIRO automático
TX000248,ACC000009,RETIRO,190.22,2026-02-25 18:37:31,RETIRO automático
TX000249,ACC000009,TRANSFER_IN,106.69,2026-02-08 14:43:23,TRANSFER_IN automático
TX000250,ACC000009,DEPOSITO,111.29,2026-01-23 09:49:46,DEPOSITO automático
TX000251,ACC000009,DEPOSITO,289.46,2026-01-26 19:30:38,DEPOSITO automático
TX000252,ACC000009,DEPOSITO,109.34,2026-01-28 01:17:30,DEPOSITO automático
TX000253,ACC000009,DEPOSITO,418.75,2026-01-04 04:12:02,DEPOSITO automático
TX000254,ACC000009,RETIRO,75.96,2026-01-03 02:38:46,RETIRO automático
TX000255,ACC000009,RETIRO,92.88,2026-01-23 16:09:03,RETIRO automático
TX000256,ACC000009,DEPOSITO,404.73,2026-02-12 17:05:36,DEPOSITO automático
TX000257,ACC000009,RETIRO,174.29,2026-02-28 20:20:28,RETIRO automático
TX000258,ACC000009,RETIRO,170.54,2026-01-25 04:09:04,RETIRO automático
TX000259,ACC000009,RETIRO,122.69,2026-02-20 22:49:46,RETIRO automático
TX000260,ACC000009,RETIRO,58.67,2026-01-26 23:47:48,RETIRO automático
TX000261,ACC000009,TRANSFER_OUT,173.99,2026-01-20 07:36:53,TRANSFER_OUT automático
TX000262,ACC000009,DEPOSITO,54.35,2026-01-31 07:05:08,DEPOSITO automático
TX000263,ACC000009,RETIRO,87.15,2026-01-06 00:17:35,RETIRO automático
TX000264,ACC000009,DEPOSITO,481.87,2026-02-01 20:04:11,DEPOSITO automático
TX000265,ACC000009,RETIRO,164.51,2026-01-09 02:07:38,RETIRO automático
TX000266,ACC000009,DEPOSITO,32.54,2026-01-30 15:52:59,DEPOSITO automático
TX000267,ACC000009,DEPOSITO,349.15,2026-01-09 09:42:36,DEPOSITO automático
TX000268,ACC000009,DEPOSITO,395.17,2026-02-22 19:46:43,DEPOSITO automático
TX000269,ACC000010,RETIRO,36.84,2026-02-17 03:30:46,RETIRO automático
TX000270,ACC000010,TRANSFER_OUT,36.84,2026-02-01 06:50:08,TRANSFER_OUT automático
TX000271,ACC000010,TRANSFER_IN,210.08,2026-02-09 09:00:29,TRANSFER_IN automático
TX000272,ACC000010,RETIRO,181.34,2026-01-01 19:46:50,RETIRO automático
TX000273,ACC000010,DEPOSITO,261.66,2026-01-06 07:38:20,DEPOSITO automático
TX000274,ACC000010,TRANSFER_OUT,144.6,2026-01-11 13:21:28,TRANSFER_OUT automático
TX000275,ACC000010,DEPOSITO,410.46,2026-02-23 16:11:57,DEPOSITO automático
TX000276,ACC000010,DEPOSITO,459.7,2026-02-23 11:32:24,DEPOSITO automático
TX000277,ACC000010,RETIRO,81.81,2026-01-15 20:50:10,RETIRO automático
TX000278,ACC000010,DEPOSITO,334.66,2026-02-03 21:10:51,DEPOSITO automático
TX000279,ACC000010,TRANSFER_OUT,98.34,2026-01-08 05:04:30,TRANSFER_OUT automático
TX000280,ACC000010,RETIRO,46.2,2026-01-25 22:26:28,RETIRO automático
TX000281,ACC000010,DEPOSITO,117.96,2026-02-01 07:39:33,DEPOSITO automático
TX000282,ACC000010,TRANSFER_OUT,67.77,2026-01-16 00:52:32,TRANSFER_OUT automático
TX000283,ACC000010,TRANSFER_OUT,44.46,2026-01-18 21:38:51,TRANSFER_OUT automático
TX000284,ACC000010,DEPOSITO,328.15,2026-01-03 00:40:15,DEPOSITO automático
TX000285,ACC000010,DEPOSITO,305.86,2026-02-17 19:57:13,DEPOSITO automático
TX000286,ACC000010,DEPOSITO,286.54,2026-02-03 00:50:58,DEPOSITO automático
TX000287,ACC000010,RETIRO,91.77,2026-01-02 16:15:37,RETIRO automático
TX000288,ACC000010,DEPOSITO,315.16,2026-01-09 11:47:53,DEPOSITO automático
TX000289,ACC000010,RETIRO,165.47,2026-02-16 05:17:04,RETIRO automático
TX000290,ACC000010,RETIRO,22.69,2026-02-06 04:31:09,RETIRO automático
TX000291,ACC000010,DEPOSITO,57.75,2026-02-14 13:44:04,DEPOSITO automático
TX000292,ACC000010,RETIRO,44.66,2026-02-08 11:31:48,RETIRO automático
TX000293,ACC000010,DEPOSITO,134.31,2026-01-14 19:01:20,DEPOSITO automático
TX000294,ACC000010,RETIRO,74.59,2026-02-16 22:20:37,RETIRO automático
TX000295,ACC000010,DEPOSITO,373.61,2026-01-18 21:37:04,DEPOSITO automático
TX000296,ACC000010,DEPOSITO,414.16,2026-01-23 09:32:18,DEPOSITO automático
TX000297,ACC000010,RETIRO,177.68,2026-01-10 06:10:25,RETIRO automático
TX000298,ACC000010,DEPOSITO,219.37,2026-01-09 08:31:27,DEPOSITO automático
TX000299,ACC000010,TRANSFER_OUT,114.84,2026-02-22 04:38:52,TRANSFER_OUT automático
TX000300,ACC000010,RETIRO,53.54,2026-02-18 12:47:40,RETIRO automático
TX000301,ACC000010,TRANSFER_IN,249.25,2026-02-13 02:52:03,TRANSFER_IN automático
TX000302,ACC000010,DEPOSITO,52.0,2026-02-24 03:45:17,DEPOSITO automático
TX000303,ACC000010,RETIRO,30.43,2026-02-14 03:31:57,RETIRO automático
TX000304,ACC000010,TRANSFER_IN,204.4,2026-01-06 09:31:07,TRANSFER_IN automático
TX000305,ACC000010,RETIRO,142.68,2026-02-11 09:02:54,RETIRO automático
TX000306,ACC000010,RETIRO,194.96,2026-01-02 23:34:59,RETIRO automático
TX000307,ACC000010,DEPOSITO,290.81,2026-02-25 04:10:20,DEPOSITO automático
TX000308,ACC000011,RETIRO,147.8,2026-02-10 22:15:00,RETIRO automático
TX000309,ACC000011,RETIRO,37.82,2026-01-18 13:07:18,RETIRO automático
TX000310,ACC000011,RETIRO,107.46,2026-02-11 01:05:59,RETIRO automático
TX000311,ACC000011,DEPOSITO,491.67,2026-02-23 03:15:31,DEPOSITO automático
TX000312,ACC000011,TRANSFER_IN,248.84,2026-02-15 02:15:26,TRANSFER_IN automático
TX000313,ACC000011,DEPOSITO,474.19,2026-02-28 08:18:14,DEPOSITO automático
TX000314,ACC000011,RETIRO,141.96,2026-01-30 15:52:37,RETIRO automático
TX000315,ACC000011,RETIRO,167.52,2026-01-29 12:20:53,RETIRO automático
TX000316,ACC000011,TRANSFER_OUT,139.14,2026-01-30 08:51:38,TRANSFER_OUT automático
TX000317,ACC000011,DEPOSITO,402.25,2026-01-29 03:06:40,DEPOSITO automático
TX000318,ACC000012,DEPOSITO,287.37,2026-02-19 14:33:32,DEPOSITO automático
TX000319,ACC000012,DEPOSITO,218.22,2026-02-19 16:22:00,DEPOSITO automático
TX000320,ACC000012,DEPOSITO,41.89,2026-02-25 15:43:09,DEPOSITO automático
TX000321,ACC000012,TRANSFER_OUT,108.45,2026-01-22 13:39:24,TRANSFER_OUT automático
TX000322,ACC000012,RETIRO,34.07,2026-02-23 07:58:35,RETIRO automático
TX000323,ACC000012,RETIRO,196.96,2026-02-14 12:57:27,RETIRO automático
TX000324,ACC000012,TRANSFER_OUT,231.29,2026-02-09 14:02:47,TRANSFER_OUT automático
TX000325,ACC000012,RETIRO,67.9,2026-01-30 09:37:45,RETIRO automático
TX000326,ACC000012,TRANSFER_IN,30.57,2026-01-10 18:16:41,TRANSFER_IN automático
TX000327,ACC000012,DEPOSITO,176.13,2026-01-02 11:29:30,DEPOSITO automático
TX000328,ACC000012,RETIRO,53.25,2026-02-02 16:36:38,RETIRO automático
TX000329,ACC000012,RETIRO,99.48,2026-02-18 19:36:27,RETIRO automático
TX000330,ACC000012,TRANSFER_IN,296.81,2026-01-08 18:22:04,TRANSFER_IN automático
TX000331,ACC000012,DEPOSITO,395.66,2026-02-22 19:43:39,DEPOSITO automático
TX000332,ACC000012,TRANSFER_IN,48.45,2026-01-03 00:15:15,TRANSFER_IN automático
TX000333,ACC000012,DEPOSITO,62.52,2026-02-23 10:32:03,DEPOSITO automático
TX000334,ACC000012,DEPOSITO,416.86,2026-01-13 00:35:39,DEPOSITO automático
TX000335,ACC000013,RETIRO,132.99,2026-02-24 05:34:53,RETIRO automático
TX000336,ACC000013,DEPOSITO,137.58,2026-02-27 15:59:10,DEPOSITO automático
TX000337,ACC000013,TRANSFER_OUT,190.37,2026-01-17 04:29:51,TRANSFER_OUT automático
TX000338,ACC000013,DEPOSITO,424.42,2026-01-06 14:13:32,DEPOSITO automático
TX000339,ACC000013,DEPOSITO,283.33,2026-01-14 07:16:36,DEPOSITO automático
TX000340,ACC000013,TRANSFER_IN,284.14,2026-02-20 23:20:58,TRANSFER_IN automático
TX000341,ACC000013,DEPOSITO,309.34,2026-01-10 15:30:30,DEPOSITO automático
TX000342,ACC000013,TRANSFER_OUT,124.05,2026-02-13 16:31:31,TRANSFER_OUT automático
TX000343,ACC000013,DEPOSITO,30.77,2026-02-25 16:56:36,DEPOSITO automático
TX000344,ACC000013,RETIRO,122.45,2026-02-03 23:23:49,RETIRO automático
TX000345,ACC000013,RETIRO,75.23,2026-01-24 05:35:31,RETIRO automático
TX000346,ACC000013,RETIRO,144.15,2026-01-12 15:18:48,RETIRO automático
TX000347,ACC000013,RETIRO,81.53,2026-01-06 00:59:26,RETIRO automático
TX000348,ACC000013,DEPOSITO,484.16,2026-02-27 22:24:07,DEPOSITO automático
TX000349,ACC000013,DEPOSITO,32.88,2026-02-06 03:41:40,DEPOSITO automático
TX000350,ACC000013,RETIRO,53.33,2026-02-19 11:04:16,RETIRO automático
TX000351,ACC000013,DEPOSITO,277.08,2026-02-04 16:22:13,DEPOSITO automático
TX000352,ACC000013,RETIRO,188.13,2026-01-16 18:29:50,RETIRO automático
TX000353,ACC000013,DEPOSITO,457.55,2026-02-27 17:34:25,DEPOSITO automático
TX000354,ACC000013,RETIRO,102.3,2026-01-15 20:30:07,RETIRO automático
TX000355,ACC000013,RETIRO,175.45,2026-01-12 01:09:14,RETIRO automático
TX000356,ACC000013,TRANSFER_IN,108.71,2026-02-08 09:19:40,TRANSFER_IN automático
TX000357,ACC000013,TRANSFER_OUT,142.29,2026-01-25 04:02:05,TRANSFER_OUT automático
TX000358,ACC000013,RETIRO,131.28,2026-02-27 01:36:30,RETIRO automático
TX000359,ACC000013,TRANSFER_OUT,258.35,2026-02-06 02:32:12,TRANSFER_OUT automático
TX000360,ACC000013,DEPOSITO,244.02,2026-01-02 11:42:49,DEPOSITO automático
TX000361,ACC000013,TRANSFER_IN,23.31,2026-01-18 05:58:32,TRANSFER_IN automático
TX000362,ACC000013,TRANSFER_IN,272.28,2026-02-27 11:58:13,TRANSFER_IN automático
TX000363,ACC000013,TRANSFER_OUT,278.89,2026-01-07 17:17:14,TRANSFER_OUT automático
TX000364,ACC000013,RETIRO,166.35,2026-01-29 09:42:23,RETIRO automático
TX000365,ACC000013,RETIRO,92.63,2026-01-07 11:05:16,RETIRO automático
TX000366,ACC000013,RETIRO,145.39,2026-01-14 17:05:39,RETIRO automático
TX000367,ACC000013,RETIRO,111.79,2026-01-28 15:39:31,RETIRO automático
TX000368,ACC000013,DEPOSITO,14.14,2026-01-07 18:17:41,DEPOSITO automático
TX000369,ACC000013,RETIRO,89.02,2026-01-19 14:33:57,RETIRO automático
TX000370,ACC000013,TRANSFER_IN,200.47,2026-01-22 07:38:30,TRANSFER_IN automático
TX000371,ACC000013,TRANSFER_IN,83.81,2026-02-12 13:19:17,TRANSFER_IN automático
TX000372,ACC000013,DEPOSITO,392.04,2026-02-14 20:40:51,DEPOSITO automático
TX000373,ACC000013,RETIRO,21.63,2026-01-12 02:37:24,RETIRO automático
TX000374,ACC000013,RETIRO,13.07,2026-01-15 05:15:01,RETIRO automático
TX000375,ACC000013,DEPOSITO,258.32,2026-02-09 21:02:10,DEPOSITO automático
TX000376,ACC000013,DEPOSITO,333.88,2026-01-19 08:17:24,DEPOSITO automático
TX000377,ACC000013,RETIRO,82.12,2026-01-17 00:13:06,RETIRO automático
TX000378,ACC000013,RETIRO,16.42,2026-02-10 14:57:17,RETIRO automático
TX000379,ACC000013,DEPOSITO,207.51,2026-01-15 20:56:02,DEPOSITO automático
TX000380,ACC000013,TRANSFER_OUT,25.96,2026-02-02 23:59:26,TRANSFER_OUT automático
TX000381,ACC000014,DEPOSITO,382.44,2026-02-03 01:14:30,DEPOSITO automático
TX000382,ACC000014,TRANSFER_OUT,139.37,2026-01-25 23:02:43,TRANSFER_OUT automático
TX000383,ACC000014,DEPOSITO,323.81,2026-01-05 18:12:24,DEPOSITO automático
TX000384,ACC000014,TRANSFER_OUT,290.75,2026-01-03 11:10:05,TRANSFER_OUT automático
TX000385,ACC000014,DEPOSITO,186.01,2026-02-25 19:53:40,DEPOSITO automático
TX000386,ACC000014,RETIRO,144.35,2026-01-30 00:27:12,RETIRO automático
TX000387,ACC000014,DEPOSITO,452.38,2026-01-23 20:51:06,DEPOSITO automático
TX000388,ACC000014,RETIRO,22.79,2026-02-14 23:44:33,RETIRO automático
TX000389,ACC000014,RETIRO,152.69,2026-01-07 06:16:31,RETIRO automático
TX000390,ACC000014,DEPOSITO,401.48,2026-02-20 22:47:34,DEPOSITO automático
TX000391,ACC000014,DEPOSITO,401.2,2026-01-21 15:41:00,DEPOSITO automático
TX000392,ACC000015,RETIRO,43.75,2026-01-02 20:48:04,RETIRO automático
TX000393,ACC000015,TRANSFER_OUT,276.49,2026-02-18 12:44:35,TRANSFER_OUT automático
TX000394,ACC000015,TRANSFER_IN,242.73,2026-02-18 09:17:35,TRANSFER_IN automático
TX000395,ACC000015,RETIRO,61.65,2026-02-13 00:20:31,RETIRO automático
TX000396,ACC000015,DEPOSITO,332.59,2026-01-24 04:29:16,DEPOSITO automático
TX000397,ACC000015,RETIRO,90.34,2026-02-26 09:15:14,RETIRO automático
TX000398,ACC000015,DEPOSITO,161.22,2026-02-03 18:53:33,DEPOSITO automático
TX000399,ACC000015,DEPOSITO,499.91,2026-01-05 21:13:48,DEPOSITO automático
TX000400,ACC000015,DEPOSITO,34.67,2026-02-15 09:15:46,DEPOSITO automático
TX000401,ACC000015,RETIRO,98.21,2026-01-26 00:10:12,RETIRO automático
TX000402,ACC000015,DEPOSITO,352.65,2026-01-28 23:05:29,DEPOSITO automático
TX000403,ACC000015,RETIRO,191.39,2026-01-28 13:04:44,RETIRO automático
TX000404,ACC000015,DEPOSITO,429.75,2026-02-07 08:51:52,DEPOSITO automático
TX000405,ACC000015,RETIRO,149.45,2026-01-29 14:16:15,RETIRO automático
TX000406,ACC000015,RETIRO,125.55,2026-01-20 22:17:03,RETIRO automático
TX000407,ACC000015,DEPOSITO,20.14,2026-01-25 06:47:22,DEPOSITO automático
TX000408,ACC000016,DEPOSITO,169.07,2026-02-21 22:49:20,DEPOSITO automático
TX000409,ACC000016,DEPOSITO,231.44,2026-02-25 17:58:33,DEPOSITO automático
TX000410,ACC000016,DEPOSITO,389.19,2026-02-17 22:42:35,DEPOSITO automático
TX000411,ACC000016,DEPOSITO,460.98,2026-02-19 13:21:13,DEPOSITO automático
TX000412,ACC000016,RETIRO,92.16,2026-01-04 12:49:44,RETIRO automático
TX000413,ACC000016,RETIRO,58.33,2026-01-29 01:10:42,RETIRO automático
TX000414,ACC000016,TRANSFER_IN,288.97,2026-02-26 23:05:50,TRANSFER_IN automático
TX000415,ACC000016,RETIRO,63.71,2026-01-26 08:03:47,RETIRO automático
TX000416,ACC000016,DEPOSITO,313.1,2026-02-10 02:59:18,DEPOSITO automático
TX000417,ACC000016,RETIRO,39.37,2026-01-22 14:35:59,RETIRO automático
TX000418,ACC000016,RETIRO,25.62,2026-02-24 02:07:50,RETIRO automático
TX000419,ACC000016,TRANSFER_IN,154.01,2026-02-18 09:24:47,TRANSFER_IN automático
TX000420,ACC000016,TRANSFER_OUT,70.03,2026-02-22 20:34:48,TRANSFER_OUT automático
TX000421,ACC000016,DEPOSITO,417.69,2026-02-11 19:51:23,DEPOSITO automático
TX000422,ACC000016,RETIRO,66.47,2026-01-14 05:26:58,RETIRO automático
TX000423,ACC000016,TRANSFER_OUT,267.73,2026-01-06 21:10:49,TRANSFER_OUT automático
TX000424,ACC000016,DEPOSITO,67.33,2026-01-30 08:00:23,DEPOSITO automático
TX000425,ACC000016,TRANSFER_IN,200.54,2026-02-19 11:15:15,TRANSFER_IN automático
TX000426,ACC000016,DEPOSITO,383.4,2026-01-02 10:20:14,DEPOSITO automático
TX000427,ACC000016,DEPOSITO,77.44,2026-02-12 11:45:28,DEPOSITO automático
TX000428,ACC000016,RETIRO,157.88,2026-01-11 05:02:23,RETIRO automático
TX000429,ACC000016,TRANSFER_IN,138.04,2026-01-16 02:06:35,TRANSFER_IN automático
TX000430,ACC000016,DEPOSITO,484.51,2026-02-15 06:55:03,DEPOSITO automático
TX000431,ACC000016,RETIRO,5.57,2026-01-31 20:05:03,RETIRO automático
TX000432,ACC000016,RETIRO,50.8,2026-02-27 23:37:20,RETIRO automático
TX000433,ACC000016,DEPOSITO,18.65,2026-02-22 05:35:44,DEPOSITO automático
TX000434,ACC000016,DEPOSITO,245.22,2026-01-19 13:34:47,DEPOSITO automático
TX000435,ACC000016,DEPOSITO,330.34,2026-02-03 06:43:41,DEPOSITO automático
TX000436,ACC000016,DEPOSITO,367.9,2026-01-03 14:31:46,DEPOSITO automático
TX000437,ACC000016,DEPOSITO,193.52,2026-02-04 12:19:29,DEPOSITO automático
TX000438,ACC000016,DEPOSITO,39.96,2026-01-07 16:28:03,DEPOSITO automático
TX000439,ACC000016,DEPOSITO,317.14,2026-01-16 10:30:46,DEPOSITO automático
TX000440,ACC000016,RETIRO,39.5,2026-02-09 14:54:25,RETIRO automático
TX000441,ACC000016,RETIRO,120.5,2026-02-11 21:36:18,RETIRO automático
TX000442,ACC000016,TRANSFER_IN,108.54,2026-02-20 09:00:35,TRANSFER_IN automático
TX000443,ACC000016,DEPOSITO,125.19,2026-01-26 01:13:45,DEPOSITO automático
TX000444,ACC000016,DEPOSITO,254.93,2026-01-14 15:57:03,DEPOSITO automático
TX000445,ACC000016,RETIRO,199.38,2026-02-01 05:37:05,RETIRO automático
TX000446,ACC000016,RETIRO,121.44,2026-01-27 07:23:50,RETIRO automático
TX000447,ACC000016,RETIRO,86.23,2026-01-11 01:57:00,RETIRO automático
TX000448,ACC000016,DEPOSITO,449.4,2026-02-12 13:18:06,DEPOSITO automático
TX000449,ACC000016,TRANSFER_IN,154.23,2026-01-17 04:00:29,TRANSFER_IN automático
TX000450,ACC000016,RETIRO,52.25,2026-01-01 17:39:34,RETIRO automático
TX000451,ACC000016,DEPOSITO,339.11,2026-01-14 08:33:22,DEPOSITO automático
TX000452,ACC000016,RETIRO,199.23,2026-02-02 11:45:34,RETIRO automático
TX000453,ACC000016,DEPOSITO,168.47,2026-02-04 16:45:39,DEPOSITO automático
TX000454,ACC000017,RETIRO,25.15,2026-01-21 14:26:22,RETIRO automático
TX000455,ACC000017,TRANSFER_IN,101.15,2026-02-19 20:24:08,TRANSFER_IN automático
TX000456,ACC000017,RETIRO,43.55,2026-01-16 04:49:31,RETIRO automático
TX000457,ACC000017,RETIRO,181.72,2026-02-13 02:14:51,RETIRO automático
TX000458,ACC000017,RETIRO,134.83,2026-02-08 03:34:15,RETIRO automático
TX000459,ACC000017,DEPOSITO,312.91,2026-02-28 08:18:37,DEPOSITO automático
TX000460,ACC000017,RETIRO,43.25,2026-01-11 06:56:45,RETIRO automático
TX000461,ACC000017,DEPOSITO,435.51,2026-02-25 16:13:36,DEPOSITO automático
TX000462,ACC000017,DEPOSITO,73.25,2026-02-11 22:56:51,DEPOSITO automático
TX000463,ACC000017,DEPOSITO,181.46,2026-02-21 13:34:08,DEPOSITO automático
TX000464,ACC000017,RETIRO,36.03,2026-02-03 14:50:31,RETIRO automático
TX000465,ACC000017,TRANSFER_OUT,192.52,2026-02-20 04:23:07,TRANSFER_OUT automático
TX000466,ACC000017,DEPOSITO,309.71,2026-02-13 00:21:20,DEPOSITO automático
TX000467,ACC000017,TRANSFER_OUT,179.57,2026-01-27 23:49:58,TRANSFER_OUT automático
TX000468,ACC000017,DEPOSITO,398.89,2026-01-08 18:22:05,DEPOSITO automático
TX000469,ACC000018,DEPOSITO,346.92,2026-02-09 04:00:01,DEPOSITO automático
TX000470,ACC000018,TRANSFER_IN,94.43,2026-01-07 06:54:44,TRANSFER_IN automático
TX000471,ACC000018,RETIRO,159.41,2026-01-11 20:59:52,RETIRO automático
TX000472,ACC000018,DEPOSITO,321.86,2026-02-27 00:21:02,DEPOSITO automático
TX000473,ACC000018,DEPOSITO,222.59,2026-01-16 06:35:49,DEPOSITO automático
TX000474,ACC000018,DEPOSITO,276.19,2026-01-12 17:41:26,DEPOSITO automático
TX000475,ACC000018,DEPOSITO,31.46,2026-01-16 03:37:35,DEPOSITO automático
TX000476,ACC000018,TRANSFER_IN,66.44,2026-01-17 21:25:57,TRANSFER_IN automático
TX000477,ACC000018,DEPOSITO,198.47,2026-01-27 20:45:29,DEPOSITO automático
TX000478,ACC000018,DEPOSITO,117.16,2026-02-18 03:11:31,DEPOSITO automático
TX000479,ACC000018,DEPOSITO,366.99,2026-01-07 13:27:21,DEPOSITO automático
TX000480,ACC000018,TRANSFER_IN,30.69,2026-02-26 02:13:40,TRANSFER_IN automático
TX000481,ACC000018,TRANSFER_OUT,60.44,2026-01-29 02:47:52,TRANSFER_OUT automático
TX000482,ACC000018,DEPOSITO,412.54,2026-01-01 00:43:13,DEPOSITO automático
TX000483,ACC000018,TRANSFER_IN,51.52,2026-02-14 23:58:19,TRANSFER_IN automático
TX000484,ACC000018,RETIRO,66.15,2026-01-14 10:46:34,RETIRO automático
TX000485,ACC000018,TRANSFER_OUT,66.33,2026-02-16 08:32:40,TRANSFER_OUT automático
TX000486,ACC000018,DEPOSITO,232.32,2026-02-11 11:02:37,DEPOSITO automático
TX000487,ACC000018,DEPOSITO,353.7,2026-02-12 19:22:28,DEPOSITO automático
TX000488,ACC000018,DEPOSITO,162.41,2026-01-18 22:33:18,DEPOSITO automático
TX000489,ACC000019,TRANSFER_IN,74.34,2026-01-21 20:30:45,TRANSFER_IN automático
TX000490,ACC000019,TRANSFER_OUT,159.02,2026-02-06 23:22:32,TRANSFER_OUT automático
TX000491,ACC000019,TRANSFER_IN,55.93,2026-01-07 01:57:31,TRANSFER_IN automático
TX000492,ACC000019,TRANSFER_OUT,26.41,2026-01-26 22:22:18,TRANSFER_OUT automático
TX000493,ACC000019,RETIRO,151.58,2026-01-29 18:11:38,RETIRO automático
TX000494,ACC000019,DEPOSITO,167.75,2026-01-19 01:32:18,DEPOSITO automático
TX000495,ACC000019,DEPOSITO,194.32,2026-01-05 11:26:00,DEPOSITO automático
TX000496,ACC000019,TRANSFER_IN,124.51,2026-01-22 13:06:12,TRANSFER_IN automático
TX000497,ACC000019,DEPOSITO,189.11,2026-02-17 21:27:00,DEPOSITO automático
TX000498,ACC000019,TRANSFER_OUT,133.36,2026-02-09 07:36:55,TRANSFER_OUT automático
TX000499,ACC000019,RETIRO,104.9,2026-02-11 23:00:39,RETIRO automático
TX000500,ACC000019,DEPOSITO,158.67,2026-01-28 16:05:46,DEPOSITO automático
TX000501,ACC000019,DEPOSITO,192.17,2026-01-11 00:46:34,DEPOSITO automático
TX000502,ACC000019,TRANSFER_OUT,88.78,2026-01-25 13:11:00,TRANSFER_OUT automático
TX000503,ACC000019,DEPOSITO,301.54,2026-02-09 06:32:29,DEPOSITO automático
TX000504,ACC000019,TRANSFER_OUT,272.63,2026-01-27 09:41:08,TRANSFER_OUT automático
TX000505,ACC000019,RETIRO,185.32,2026-02-11 05:56:11,RETIRO automático
TX000506,ACC000019,DEPOSITO,173.59,2026-01-11 14:21:17,DEPOSITO automático
TX000507,ACC000019,DEPOSITO,65.54,2026-01-07 03:01:44,DEPOSITO automático
TX000508,ACC000019,RETIRO,34.08,2026-02-23 04:57:48,RETIRO automático
TX000509,ACC000019,DEPOSITO,361.97,2026-01-01 20:36:14,DEPOSITO automático
TX000510,ACC000019,DEPOSITO,338.86,2026-02-19 03:52:20,DEPOSITO automático
TX000511,ACC000019,RETIRO,133.7,2026-01-10 04:03:40,RETIRO automático
TX000512,ACC000019,DEPOSITO,373.79,2026-02-26 13:28:05,DEPOSITO automático
TX000513,ACC000019,TRANSFER_OUT,276.51,2026-02-28 09:03:20,TRANSFER_OUT automático
TX000514,ACC000019,DEPOSITO,192.0,2026-01-22 02:02:19,DEPOSITO automático
TX000515,ACC000019,RETIRO,29.9,2026-01-30 03:06:39,RETIRO automático
TX000516,ACC000019,RETIRO,179.11,2026-02-12 21:56:33,RETIRO automático
TX000517,ACC000019,DEPOSITO,373.15,2026-02-17 03:10:27,DEPOSITO automático
TX000518,ACC000019,RETIRO,34.99,2026-02-20 09:03:47,RETIRO automático
TX000519,ACC000019,DEPOSITO,375.9,2026-01-03 21:31:19,DEPOSITO automático
TX000520,ACC000019,DEPOSITO,273.84,2026-02-02 10:03:02,DEPOSITO automático
TX000521,ACC000019,DEPOSITO,181.23,2026-02-25 13:49:14,DEPOSITO automático
TX000522,ACC000019,DEPOSITO,489.05,2026-02-28 13:04:43,DEPOSITO automático
TX000523,ACC000019,RETIRO,54.67,2026-02-28 18:07:02,RETIRO automático
TX000524,ACC000019,DEPOSITO,87.48,2026-02-24 11:28:06,DEPOSITO automático
TX000525,ACC000019,DEPOSITO,225.28,2026-01-13 07:00:28,DEPOSITO automático
TX000526,ACC000019,RETIRO,138.34,2026-01-22 20:39:05,RETIRO automático
TX000527,ACC000019,RETIRO,15.83,2026-01-14 23:49:08,RETIRO automático
TX000528,ACC000019,TRANSFER_IN,23.22,2026-01-17 09:36:22,TRANSFER_IN automático
TX000529,ACC000019,DEPOSITO,152.78,2026-02-24 10:42:19,DEPOSITO automático
TX000530,ACC000019,RETIRO,137.96,2026-01-19 08:47:43,RETIRO automático
TX000531,ACC000019,RETIRO,79.35,2026-01-13 04:51:42,RETIRO automático
TX000532,ACC000019,RETIRO,71.8,2026-01-05 09:53:05,RETIRO automático
TX000533,ACC000019,DEPOSITO,221.94,2026-02-18 21:24:07,DEPOSITO automático
TX000534,ACC000019,DEPOSITO,188.57,2026-02-02 15:15:24,DEPOSITO automático
TX000535,ACC000019,RETIRO,64.1,2026-01-05 16:10:23,RETIRO automático
TX000536,ACC000019,RETIRO,87.8,2026-02-26 10:58:04,RETIRO automático
TX000537,ACC000020,RETIRO,142.05,2026-01-13 15:19:03,RETIRO automático
TX000538,ACC000020,RETIRO,98.75,2026-01-25 02:53:22,RETIRO automático
TX000539,ACC000020,DEPOSITO,354.75,2026-02-26 13:24:50,DEPOSITO automático
TX000540,ACC000020,RETIRO,27.06,2026-01-01 22:27:56,RETIRO automático
TX000541,ACC000020,RETIRO,132.78,2026-02-05 08:31:18,RETIRO automático
TX000542,ACC000020,RETIRO,9.45,2026-01-21 04:44:15,RETIRO automático
TX000543,ACC000020,TRANSFER_OUT,48.21,2026-02-24 09:18:20,TRANSFER_OUT automático
TX000544,ACC000020,RETIRO,18.74,2026-01-05 08:23:55,RETIRO automático
TX000545,ACC000020,DEPOSITO,100.1,2026-01-17 09:12:15,DEPOSITO automático
TX000546,ACC000020,DEPOSITO,422.59,2026-01-11 07:22:38,DEPOSITO automático
TX000547,ACC000020,TRANSFER_IN,68.58,2026-02-01 19:30:46,TRANSFER_IN automático
TX000548,ACC000020,DEPOSITO,291.64,2026-02-21 05:21:51,DEPOSITO automático
TX000549,ACC000020,TRANSFER_OUT,62.93,2026-01-26 20:46:52,TRANSFER_OUT automático
TX000550,ACC000020,TRANSFER_OUT,24.66,2026-02-07 10:18:52,TRANSFER_OUT automático
TX000551,ACC000020,DEPOSITO,404.33,2026-01-29 05:29:35,DEPOSITO automático
TX000552,ACC000020,DEPOSITO,479.54,2026-01-02 15:25:04,DEPOSITO automático
TX000553,ACC000020,DEPOSITO,74.51,2026-01-22 11:56:42,DEPOSITO automático
TX000554,ACC000020,TRANSFER_OUT,162.4,2026-02-17 13:34:33,TRANSFER_OUT automático
TX000555,ACC000020,DEPOSITO,101.86,2026-02-04 16:56:12,DEPOSITO automático
TX000556,ACC000020,RETIRO,183.22,2026-01-23 18:49:18,RETIRO automático
TX000557,ACC000020,TRANSFER_IN,185.51,2026-02-08 23:41:45,TRANSFER_IN automático
TX000558,ACC000020,DEPOSITO,174.99,2026-02-26 13:02:48,DEPOSITO automático
TX000559,ACC000020,RETIRO,50.65,2026-01-10 11:09:16,RETIRO automático
TX000560,ACC000020,RETIRO,118.84,2026-01-13 03:42:16,RETIRO automático
TX000561,ACC000020,RETIRO,140.96,2026-01-10 02:22:47,RETIRO automático
TX000562,ACC000020,TRANSFER_IN,226.72,2026-01-07 17:25:24,TRANSFER_IN automático
TX000563,ACC000020,DEPOSITO,57.37,2026-01-16 14:10:08,DEPOSITO automático
TX000564,ACC000020,RETIRO,13.49,2026-01-23 17:02:33,RETIRO automático
TX000565,ACC000020,TRANSFER_OUT,124.38,2026-01-01 22:28:23,TRANSFER_OUT automático
TX000566,ACC000020,DEPOSITO,363.99,2026-02-10 05:29:23,DEPOSITO automático
TX000567,ACC000020,TRANSFER_OUT,299.87,2026-02-17 06:14:19,TRANSFER_OUT automático
TX000568,ACC000020,DEPOSITO,124.41,2026-01-13 08:41:23,DEPOSITO automático
TX000569,ACC000020,RETIRO,84.79,2026-01-17 02:33:35,RETIRO automático
TX000570,ACC000021,RETIRO,183.7,2026-02-07 23:59:40,RETIRO automático
TX000571,ACC000021,TRANSFER_OUT,289.99,2026-01-11 03:13:16,TRANSFER_OUT automático
TX000572,ACC000021,RETIRO,13.16,2026-02-17 00:29:57,RETIRO automático
TX000573,ACC000021,RETIRO,6.58,2026-01-31 23:01:53,RETIRO automático
TX000574,ACC000021,TRANSFER_OUT,1.97,2026-01-29 11:24:32,TRANSFER_OUT automático
TX000575,ACC000021,TRANSFER_IN,171.29,2026-01-13 07:18:24,TRANSFER_IN automático
TX000576,ACC000021,RETIRO,36.4,2026-02-15 11:04:40,RETIRO automático
TX000577,ACC000021,DEPOSITO,156.89,2026-01-21 11:23:27,DEPOSITO automático
TX000578,ACC000021,DEPOSITO,177.91,2026-01-28 04:58:07,DEPOSITO automático
TX000579,ACC000021,DEPOSITO,204.71,2026-01-06 18:33:20,DEPOSITO automático
TX000580,ACC000021,RETIRO,76.18,2026-01-06 04:50:54,RETIRO automático
TX000581,ACC000021,DEPOSITO,94.45,2026-01-17 11:43:42,DEPOSITO automático
TX000582,ACC000021,TRANSFER_OUT,124.48,2026-02-06 14:55:44,TRANSFER_OUT automático
TX000583,ACC000021,RETIRO,13.09,2026-01-30 01:41:39,RETIRO automático
TX000584,ACC000021,RETIRO,109.66,2026-02-26 09:29:46,RETIRO automático
TX000585,ACC000021,TRANSFER_IN,106.73,2026-01-19 08:41:05,TRANSFER_IN automático
TX000586,ACC000021,TRANSFER_IN,164.68,2026-02-26 08:58:56,TRANSFER_IN automático
TX000587,ACC000021,RETIRO,188.28,2026-02-11 08:24:06,RETIRO automático
TX000588,ACC000021,DEPOSITO,379.4,2026-02-03 01:57:45,DEPOSITO automático
TX000589,ACC000021,DEPOSITO,77.73,2026-02-16 15:28:23,DEPOSITO automático
TX000590,ACC000021,TRANSFER_OUT,166.1,2026-02-10 09:31:18,TRANSFER_OUT automático
TX000591,ACC000021,RETIRO,84.79,2026-01-14 14:45:04,RETIRO automático
TX000592,ACC000021,RETIRO,11.8,2026-01-28 18:44:26,RETIRO automático
TX000593,ACC000021,RETIRO,199.45,2026-02-28 11:16:57,RETIRO automático
TX000594,ACC000021,RETIRO,188.63,2026-02-28 08:18:16,RETIRO automático
TX000595,ACC000021,TRANSFER_IN,214.15,2026-01-01 14:28:20,TRANSFER_IN automático
TX000596,ACC000021,DEPOSITO,218.27,2026-02-21 06:33:06,DEPOSITO automático
TX000597,ACC000021,TRANSFER_OUT,93.52,2026-02-18 02:27:59,TRANSFER_OUT automático
TX000598,ACC000021,RETIRO,54.9,2026-01-25 21:17:12,RETIRO automático
TX000599,ACC000021,DEPOSITO,368.93,2026-02-24 06:17:16,DEPOSITO automático
TX000600,ACC000021,RETIRO,120.93,2026-01-28 11:19:30,RETIRO automático
TX000601,ACC000021,TRANSFER_IN,163.89,2026-01-07 19:12:49,TRANSFER_IN automático
TX000602,ACC000021,DEPOSITO,196.75,2026-01-30 00:40:54,DEPOSITO automático
TX000603,ACC000021,DEPOSITO,79.37,2026-01-26 17:47:18,DEPOSITO automático
TX000604,ACC000021,RETIRO,82.82,2026-01-27 13:33:31,RETIRO automático
TX000605,ACC000021,RETIRO,110.62,2026-02-19 23:19:20,RETIRO automático
TX000606,ACC000021,DEPOSITO,296.17,2026-01-03 03:56:56,DEPOSITO automático
TX000607,ACC000021,DEPOSITO,477.94,2026-01-21 04:56:56,DEPOSITO automático
TX000608,ACC000021,DEPOSITO,81.7,2026-01-24 23:55:16,DEPOSITO automático
TX000609,ACC000021,DEPOSITO,492.35,2026-01-22 21:50:37,DEPOSITO automático
TX000610,ACC000021,DEPOSITO,251.85,2026-02-15 20:34:19,DEPOSITO automático
TX000611,ACC000021,DEPOSITO,467.35,2026-01-13 10:32:26,DEPOSITO automático
TX000612,ACC000021,DEPOSITO,35.62,2026-01-28 04:30:30,DEPOSITO automático
TX000613,ACC000021,TRANSFER_IN,272.79,2026-02-22 07:44:20,TRANSFER_IN automático
TX000614,ACC000021,TRANSFER_OUT,206.91,2026-02-07 19:46:20,TRANSFER_OUT automático
TX000615,ACC000021,DEPOSITO,307.92,2026-02-02 06:33:12,DEPOSITO automático
TX000616,ACC000021,TRANSFER_IN,156.56,2026-02-25 22:38:09,TRANSFER_IN automático
TX000617,ACC000021,DEPOSITO,146.74,2026-02-17 21:15:30,DEPOSITO automático
TX000618,ACC000021,TRANSFER_IN,245.88,2026-01-09 13:37:22,TRANSFER_IN automático
TX000619,ACC000022,DEPOSITO,264.02,2026-02-10 10:10:38,DEPOSITO automático
TX000620,ACC000022,RETIRO,66.81,2026-02-18 01:49:13,RETIRO automático
TX000621,ACC000022,DEPOSITO,319.14,2026-01-22 00:52:05,DEPOSITO automático
TX000622,ACC000022,DEPOSITO,68.26,2026-01-05 20:46:49,DEPOSITO automático
TX000623,ACC000022,RETIRO,5.49,2026-02-05 07:18:25,RETIRO automático
TX000624,ACC000022,DEPOSITO,143.2,2026-01-23 15:29:53,DEPOSITO automático
TX000625,ACC000022,DEPOSITO,83.78,2026-02-01 13:42:00,DEPOSITO automático
TX000626,ACC000022,DEPOSITO,243.22,2026-01-05 07:55:49,DEPOSITO automático
TX000627,ACC000022,DEPOSITO,339.56,2026-02-17 00:23:39,DEPOSITO automático
TX000628,ACC000022,DEPOSITO,276.76,2026-02-10 16:47:48,DEPOSITO automático
TX000629,ACC000022,TRANSFER_IN,46.32,2026-01-03 22:56:44,TRANSFER_IN automático
TX000630,ACC000022,RETIRO,64.35,2026-01-06 04:31:33,RETIRO automático
TX000631,ACC000022,DEPOSITO,54.48,2026-01-15 22:06:28,DEPOSITO automático
TX000632,ACC000022,TRANSFER_OUT,172.54,2026-02-15 02:40:39,TRANSFER_OUT automático
TX000633,ACC000022,RETIRO,119.05,2026-02-01 19:25:51,RETIRO automático
TX000634,ACC000022,RETIRO,29.14,2026-01-09 01:45:54,RETIRO automático
TX000635,ACC000022,TRANSFER_OUT,223.75,2026-02-17 15:16:21,TRANSFER_OUT automático
TX000636,ACC000022,TRANSFER_OUT,282.81,2026-02-24 16:12:22,TRANSFER_OUT automático
TX000637,ACC000022,RETIRO,74.01,2026-02-18 09:44:08,RETIRO automático
TX000638,ACC000022,RETIRO,139.19,2026-02-10 12:07:50,RETIRO automático
TX000639,ACC000022,DEPOSITO,340.94,2026-01-22 04:52:16,DEPOSITO automático
TX000640,ACC000022,RETIRO,191.03,2026-01-10 07:08:43,RETIRO automático
TX000641,ACC000022,DEPOSITO,109.25,2026-01-22 18:40:50,DEPOSITO automático
TX000642,ACC000022,RETIRO,55.81,2026-02-09 09:44:26,RETIRO automático
TX000643,ACC000022,TRANSFER_IN,68.11,2026-02-13 18:49:12,TRANSFER_IN automático
TX000644,ACC000022,DEPOSITO,317.58,2026-02-07 07:10:31,DEPOSITO automático
TX000645,ACC000022,TRANSFER_OUT,93.46,2026-01-11 22:38:44,TRANSFER_OUT automático
TX000646,ACC000022,RETIRO,39.23,2026-02-02 11:26:27,RETIRO automático
TX000647,ACC000022,TRANSFER_IN,71.27,2026-01-09 18:54:46,TRANSFER_IN automático
TX000648,ACC000022,TRANSFER_IN,208.4,2026-01-26 18:51:12,TRANSFER_IN automático
TX000649,ACC000022,TRANSFER_IN,274.01,2026-01-08 13:36:26,TRANSFER_IN automático
TX000650,ACC000022,TRANSFER_IN,65.15,2026-02-16 07:12:57,TRANSFER_IN automático
TX000651,ACC000022,RETIRO,193.72,2026-01-03 13:51:33,RETIRO automático
TX000652,ACC000022,RETIRO,62.09,2026-01-26 12:25:58,RETIRO automático
TX000653,ACC000022,TRANSFER_OUT,185.98,2026-02-09 07:40:09,TRANSFER_OUT automático
TX000654,ACC000022,DEPOSITO,14.05,2026-01-14 13:52:28,DEPOSITO automático
TX000655,ACC000022,RETIRO,160.11,2026-02-03 16:28:10,RETIRO automático
TX000656,ACC000022,RETIRO,164.97,2026-02-23 10:58:33,RETIRO automático
TX000657,ACC000022,TRANSFER_OUT,209.56,2026-02-27 12:46:24,TRANSFER_OUT automático
TX000658,ACC000022,RETIRO,72.79,2026-02-17 07:32:20,RETIRO automático
TX000659,ACC000022,TRANSFER_IN,141.89,2026-02-02 14:30:23,TRANSFER_IN automático
TX000660,ACC000022,DEPOSITO,160.38,2026-01-06 21:22:24,DEPOSITO automático
TX000661,ACC000022,DEPOSITO,204.71,2026-02-02 22:38:26,DEPOSITO automático
TX000662,ACC000022,DEPOSITO,204.16,2026-02-01 15:33:22,DEPOSITO automático
TX000663,ACC000022,RETIRO,198.78,2026-01-24 04:44:56,RETIRO automático
TX000664,ACC000022,RETIRO,173.45,2026-02-02 08:59:07,RETIRO automático
TX000665,ACC000022,TRANSFER_IN,282.17,2026-02-02 06:17:35,TRANSFER_IN automático
TX000666,ACC000023,DEPOSITO,45.05,2026-02-04 17:13:07,DEPOSITO automático
TX000667,ACC000023,DEPOSITO,71.44,2026-01-11 00:42:55,DEPOSITO automático
TX000668,ACC000023,RETIRO,196.8,2026-02-08 20:40:15,RETIRO automático
TX000669,ACC000023,RETIRO,155.16,2026-01-12 21:13:54,RETIRO automático
TX000670,ACC000023,RETIRO,25.6,2026-01-27 04:30:43,RETIRO automático
TX000671,ACC000023,DEPOSITO,73.1,2026-01-16 03:33:41,DEPOSITO automático
TX000672,ACC000023,TRANSFER_OUT,37.73,2026-01-03 11:25:34,TRANSFER_OUT automático
TX000673,ACC000023,RETIRO,146.26,2026-02-15 19:29:52,RETIRO automático
TX000674,ACC000023,DEPOSITO,257.89,2026-01-17 14:40:03,DEPOSITO automático
TX000675,ACC000023,DEPOSITO,55.75,2026-02-26 16:51:06,DEPOSITO automático
TX000676,ACC000023,TRANSFER_OUT,245.86,2026-02-21 07:56:27,TRANSFER_OUT automático
TX000677,ACC000023,DEPOSITO,158.87,2026-02-07 17:59:57,DEPOSITO automático
TX000678,ACC000023,DEPOSITO,377.86,2026-02-17 18:54:34,DEPOSITO automático
TX000679,ACC000023,RETIRO,44.01,2026-02-04 04:09:38,RETIRO automático
TX000680,ACC000023,RETIRO,26.73,2026-01-28 07:04:55,RETIRO automático
TX000681,ACC000023,TRANSFER_OUT,246.17,2026-01-22 00:40:20,TRANSFER_OUT automático
TX000682,ACC000023,RETIRO,96.82,2026-01-13 19:40:23,RETIRO automático
TX000683,ACC000023,DEPOSITO,272.94,2026-01-30 09:34:27,DEPOSITO automático
TX000684,ACC000023,RETIRO,103.24,2026-02-05 18:47:28,RETIRO automático
TX000685,ACC000023,DEPOSITO,302.57,2026-02-09 17:19:27,DEPOSITO automático
TX000686,ACC000023,TRANSFER_OUT,156.2,2026-01-10 07:09:26,TRANSFER_OUT automático
TX000687,ACC000023,TRANSFER_OUT,292.39,2026-02-01 14:39:23,TRANSFER_OUT automático
TX000688,ACC000023,DEPOSITO,115.1,2026-02-15 14:38:30,DEPOSITO automático
TX000689,ACC000023,RETIRO,24.12,2026-01-15 19:31:51,RETIRO automático
TX000690,ACC000023,RETIRO,93.67,2026-02-08 15:25:48,RETIRO automático
TX000691,ACC000023,DEPOSITO,174.07,2026-01-22 23:35:25,DEPOSITO automático
TX000692,ACC000023,DEPOSITO,298.36,2026-01-24 07:43:59,DEPOSITO automático
TX000693,ACC000023,DEPOSITO,253.13,2026-01-02 01:57:01,DEPOSITO automático
TX000694,ACC000024,DEPOSITO,218.26,2026-02-05 19:37:40,DEPOSITO automático
TX000695,ACC000024,RETIRO,8.11,2026-01-27 16:54:56,RETIRO automático
TX000696,ACC000024,RETIRO,170.99,2026-01-06 06:15:12,RETIRO automático
TX000697,ACC000024,TRANSFER_IN,28.68,2026-01-30 14:30:22,TRANSFER_IN automático
TX000698,ACC000024,DEPOSITO,337.2,2026-01-18 03:36:23,DEPOSITO automático
TX000699,ACC000024,DEPOSITO,37.81,2026-01-11 16:00:42,DEPOSITO automático
TX000700,ACC000024,DEPOSITO,12.73,2026-01-02 11:43:49,DEPOSITO automático
TX000701,ACC000024,TRANSFER_OUT,247.6,2026-01-25 22:28:49,TRANSFER_OUT automático
TX000702,ACC000024,DEPOSITO,229.51,2026-02-07 08:16:57,DEPOSITO automático
TX000703,ACC000024,RETIRO,35.22,2026-02-24 10:53:50,RETIRO automático
TX000704,ACC000024,TRANSFER_IN,43.17,2026-01-24 16:55:08,TRANSFER_IN automático
TX000705,ACC000025,RETIRO,119.29,2026-01-13 12:53:08,RETIRO automático
TX000706,ACC000025,DEPOSITO,46.08,2026-02-02 12:48:26,DEPOSITO automático
TX000707,ACC000025,TRANSFER_OUT,280.19,2026-01-29 00:36:47,TRANSFER_OUT automático
TX000708,ACC000025,DEPOSITO,24.66,2026-01-25 10:24:13,DEPOSITO automático
TX000709,ACC000025,RETIRO,85.63,2026-02-19 06:37:44,RETIRO automático
TX000710,ACC000025,TRANSFER_IN,237.0,2026-01-26 19:48:55,TRANSFER_IN automático
TX000711,ACC000025,DEPOSITO,114.79,2026-02-23 21:36:59,DEPOSITO automático
TX000712,ACC000025,RETIRO,166.34,2026-02-02 23:59:11,RETIRO automático
TX000713,ACC000025,TRANSFER_IN,89.25,2026-01-15 10:40:41,TRANSFER_IN automático
TX000714,ACC000025,RETIRO,183.75,2026-01-06 08:50:01,RETIRO automático
TX000715,ACC000025,DEPOSITO,236.66,2026-01-10 10:05:46,DEPOSITO automático
TX000716,ACC000025,TRANSFER_OUT,71.81,2026-01-01 22:11:14,TRANSFER_OUT automático
TX000717,ACC000025,TRANSFER_OUT,272.56,2026-01-23 16:36:58,TRANSFER_OUT automático
TX000718,ACC000025,TRANSFER_IN,203.2,2026-02-06 03:22:42,TRANSFER_IN automático
TX000719,ACC000025,DEPOSITO,358.97,2026-01-21 04:29:56,DEPOSITO automático
TX000720,ACC000025,RETIRO,117.02,2026-02-04 22:52:20,RETIRO automático
TX000721,ACC000025,DEPOSITO,61.26,2026-01-03 03:25:42,DEPOSITO automático
TX000722,ACC000025,DEPOSITO,356.24,2026-02-01 09:07:29,DEPOSITO automático
TX000723,ACC000025,RETIRO,58.08,2026-01-26 04:53:16,RETIRO automático
TX000724,ACC000025,DEPOSITO,375.86,2026-02-03 18:27:07,DEPOSITO automático
TX000725,ACC000025,DEPOSITO,144.54,2026-02-12 03:45:00,DEPOSITO automático
TX000726,ACC000025,RETIRO,117.59,2026-01-09 21:04:15,RETIRO automático
TX000727,ACC000025,TRANSFER_IN,129.18,2026-01-21 15:31:10,TRANSFER_IN automático
TX000728,ACC000025,RETIRO,60.82,2026-02-15 01:38:28,RETIRO automático
TX000729,ACC000025,RETIRO,112.77,2026-01-21 01:17:27,RETIRO automático
TX000730,ACC000025,DEPOSITO,474.55,2026-02-06 22:36:00,DEPOSITO automático
TX000731,ACC000025,DEPOSITO,257.64,2026-02-26 15:37:05,DEPOSITO automático
TX000732,ACC000025,DEPOSITO,454.98,2026-01-17 00:21:36,DEPOSITO automático
TX000733,ACC000025,DEPOSITO,324.22,2026-01-18 02:58:08,DEPOSITO automático
TX000734,ACC000025,DEPOSITO,430.29,2026-01-26 16:34:16,DEPOSITO automático
TX000735,ACC000025,RETIRO,125.82,2026-01-29 04:13:23,RETIRO automático
TX000736,ACC000025,RETIRO,63.74,2026-01-17 12:25:17,RETIRO automático
TX000737,ACC000025,DEPOSITO,57.75,2026-01-07 07:03:52,DEPOSITO automático
TX000738,ACC000025,DEPOSITO,480.3,2026-01-11 16:52:55,DEPOSITO automático
TX000739,ACC000026,RETIRO,69.56,2026-01-07 08:09:47,RETIRO automático
TX000740,ACC000026,DEPOSITO,277.54,2026-02-07 09:26:51,DEPOSITO automático
TX000741,ACC000026,TRANSFER_OUT,83.53,2026-01-31 15:43:20,TRANSFER_OUT automático
TX000742,ACC000026,RETIRO,122.92,2026-02-01 19:13:46,RETIRO automático
TX000743,ACC000026,TRANSFER_OUT,102.86,2026-02-26 01:11:26,TRANSFER_OUT automático
TX000744,ACC000026,RETIRO,114.63,2026-02-17 16:13:12,RETIRO automático
TX000745,ACC000026,TRANSFER_IN,27.82,2026-01-10 02:07:14,TRANSFER_IN automático
TX000746,ACC000026,TRANSFER_IN,241.13,2026-01-29 09:30:21,TRANSFER_IN automático
TX000747,ACC000026,TRANSFER_OUT,194.75,2026-01-18 22:39:08,TRANSFER_OUT automático
TX000748,ACC000026,DEPOSITO,344.22,2026-02-12 05:27:16,DEPOSITO automático
TX000749,ACC000026,DEPOSITO,110.7,2026-02-16 11:53:40,DEPOSITO automático
TX000750,ACC000026,RETIRO,27.6,2026-01-13 15:29:48,RETIRO automático
TX000751,ACC000026,RETIRO,5.56,2026-01-27 14:03:16,RETIRO automático
TX000752,ACC000026,DEPOSITO,161.14,2026-01-28 20:20:19,DEPOSITO automático
TX000753,ACC000026,RETIRO,56.14,2026-01-02 05:18:49,RETIRO automático
TX000754,ACC000026,RETIRO,174.12,2026-02-02 23:03:19,RETIRO automático
TX000755,ACC000026,DEPOSITO,269.02,2026-02-27 00:27:29,DEPOSITO automático
TX000756,ACC000026,DEPOSITO,177.04,2026-02-07 15:12:57,DEPOSITO automático
TX000757,ACC000026,RETIRO,128.78,2026-02-18 03:57:00,RETIRO automático
TX000758,ACC000026,TRANSFER_OUT,113.71,2026-01-06 17:59:11,TRANSFER_OUT automático
TX000759,ACC000026,DEPOSITO,74.82,2026-02-18 14:11:52,DEPOSITO automático
TX000760,ACC000026,DEPOSITO,32.8,2026-01-03 16:49:09,DEPOSITO automático
TX000761,ACC000026,DEPOSITO,78.05,2026-02-10 23:37:38,DEPOSITO automático
TX000762,ACC000026,RETIRO,181.29,2026-01-25 09:54:59,RETIRO automático
TX000763,ACC000026,DEPOSITO,166.25,2026-01-07 12:15:02,DEPOSITO automático
TX000764,ACC000026,RETIRO,98.33,2026-01-16 15:21:59,RETIRO automático
TX000765,ACC000026,DEPOSITO,64.45,2026-02-26 05:17:03,DEPOSITO automático
TX000766,ACC000026,TRANSFER_OUT,44.43,2026-02-21 12:32:14,TRANSFER_OUT automático
TX000767,ACC000026,DEPOSITO,469.53,2026-01-18 11:56:23,DEPOSITO automático
TX000768,ACC000026,TRANSFER_IN,40.44,2026-01-27 11:28:43,TRANSFER_IN automático
TX000769,ACC000026,RETIRO,107.64,2026-02-21 05:29:42,RETIRO automático
TX000770,ACC000026,TRANSFER_OUT,168.56,2026-02-21 09:13:09,TRANSFER_OUT automático
TX000771,ACC000026,DEPOSITO,223.56,2026-01-03 08:45:30,DEPOSITO automático
TX000772,ACC000026,RETIRO,198.2,2026-01-26 15:11:35,RETIRO automático
TX000773,ACC000026,DEPOSITO,348.31,2026-01-24 00:45:19,DEPOSITO automático
TX000774,ACC000026,DEPOSITO,380.75,2026-02-14 12:59:36,DEPOSITO automático
TX000775,ACC000026,DEPOSITO,468.18,2026-01-04 14:57:38,DEPOSITO automático
TX000776,ACC000026,TRANSFER_IN,227.51,2026-02-01 10:39:41,TRANSFER_IN automático
TX000777,ACC000026,TRANSFER_IN,32.46,2026-01-09 08:41:53,TRANSFER_IN automático
TX000778,ACC000026,RETIRO,104.13,2026-01-10 14:24:45,RETIRO automático
TX000779,ACC000027,DEPOSITO,376.76,2026-02-01 21:51:13,DEPOSITO automático
TX000780,ACC000027,TRANSFER_IN,257.9,2026-02-22 11:01:49,TRANSFER_IN automático
TX000781,ACC000027,DEPOSITO,389.48,2026-02-03 03:24:24,DEPOSITO automático
TX000782,ACC000027,TRANSFER_IN,45.52,2026-01-18 09:49:44,TRANSFER_IN automático
TX000783,ACC000027,DEPOSITO,252.17,2026-02-14 16:43:50,DEPOSITO automático
TX000784,ACC000027,DEPOSITO,253.67,2026-02-03 06:57:36,DEPOSITO automático
TX000785,ACC000027,DEPOSITO,433.73,2026-01-23 03:14:09,DEPOSITO automático
TX000786,ACC000027,TRANSFER_IN,248.74,2026-02-09 12:30:34,TRANSFER_IN automático
TX000787,ACC000027,DEPOSITO,471.06,2026-02-13 19:55:53,DEPOSITO automático
TX000788,ACC000027,TRANSFER_IN,261.44,2026-02-28 09:57:18,TRANSFER_IN automático
TX000789,ACC000027,TRANSFER_IN,54.2,2026-02-04 04:52:05,TRANSFER_IN automático
TX000790,ACC000027,RETIRO,144.58,2026-02-12 08:11:01,RETIRO automático
TX000791,ACC000027,RETIRO,34.11,2026-02-12 04:51:05,RETIRO automático
TX000792,ACC000027,DEPOSITO,65.78,2026-02-18 03:38:16,DEPOSITO automático
TX000793,ACC000027,TRANSFER_OUT,273.9,2026-02-18 01:30:14,TRANSFER_OUT automático
TX000794,ACC000027,DEPOSITO,306.01,2026-02-16 10:17:34,DEPOSITO automático
TX000795,ACC000027,DEPOSITO,274.73,2026-02-04 00:46:50,DEPOSITO automático
TX000796,ACC000027,DEPOSITO,95.37,2026-02-15 08:51:44,DEPOSITO automático
TX000797,ACC000027,TRANSFER_IN,209.82,2026-01-17 01:56:55,TRANSFER_IN automático
TX000798,ACC000027,RETIRO,32.93,2026-02-02 19:53:11,RETIRO automático
TX000799,ACC000027,DEPOSITO,188.22,2026-01-02 19:08:54,DEPOSITO automático
TX000800,ACC000027,DEPOSITO,185.53,2026-01-29 09:43:07,DEPOSITO automático
TX000801,ACC000027,DEPOSITO,405.99,2026-01-22 11:49:45,DEPOSITO automático
TX000802,ACC000027,RETIRO,58.09,2026-02-18 13:10:19,RETIRO automático
TX000803,ACC000027,DEPOSITO,171.69,2026-02-17 10:18:25,DEPOSITO automático
TX000804,ACC000027,DEPOSITO,293.67,2026-01-03 12:09:50,DEPOSITO automático
TX000805,ACC000027,RETIRO,177.2,2026-01-27 11:43:38,RETIRO automático
TX000806,ACC000027,TRANSFER_IN,166.41,2026-02-27 10:05:49,TRANSFER_IN automático
TX000807,ACC000027,DEPOSITO,444.67,2026-02-16 07:22:34,DEPOSITO automático
TX000808,ACC000027,TRANSFER_IN,158.09,2026-02-22 23:04:48,TRANSFER_IN automático
TX000809,ACC000027,DEPOSITO,401.65,2026-01-02 23:55:38,DEPOSITO automático
TX000810,ACC000028,DEPOSITO,385.24,2026-01-03 19:24:06,DEPOSITO automático
TX000811,ACC000028,TRANSFER_IN,222.88,2026-01-03 03:30:39,TRANSFER_IN automático
TX000812,ACC000028,DEPOSITO,122.47,2026-01-13 07:55:12,DEPOSITO automático
TX000813,ACC000028,RETIRO,16.82,2026-02-06 07:56:41,RETIRO automático
TX000814,ACC000028,TRANSFER_OUT,263.12,2026-01-28 03:31:25,TRANSFER_OUT automático
TX000815,ACC000028,RETIRO,102.56,2026-02-04 07:34:06,RETIRO automático
TX000816,ACC000028,RETIRO,163.18,2026-02-01 18:56:13,RETIRO automático
TX000817,ACC000028,DEPOSITO,216.3,2026-01-19 16:47:44,DEPOSITO automático
TX000818,ACC000028,RETIRO,53.75,2026-02-20 21:07:57,RETIRO automático
TX000819,ACC000028,DEPOSITO,235.93,2026-02-23 07:43:52,DEPOSITO automático
TX000820,ACC000028,RETIRO,153.7,2026-01-26 22:35:12,RETIRO automático
TX000821,ACC000028,TRANSFER_OUT,280.54,2026-01-31 18:19:52,TRANSFER_OUT automático
TX000822,ACC000028,DEPOSITO,323.78,2026-01-04 08:36:43,DEPOSITO automático
TX000823,ACC000028,RETIRO,114.68,2026-01-11 16:19:09,RETIRO automático
TX000824,ACC000028,RETIRO,45.74,2026-02-12 10:51:54,RETIRO automático
TX000825,ACC000028,DEPOSITO,184.14,2026-01-17 23:18:54,DEPOSITO automático
TX000826,ACC000028,TRANSFER_OUT,148.41,2026-01-28 05:57:44,TRANSFER_OUT automático
TX000827,ACC000028,RETIRO,58.9,2026-01-27 21:53:41,RETIRO automático
TX000828,ACC000028,DEPOSITO,97.93,2026-02-13 12:20:24,DEPOSITO automático
TX000829,ACC000028,DEPOSITO,244.94,2026-01-05 09:29:22,DEPOSITO automático
TX000830,ACC000028,DEPOSITO,470.7,2026-01-24 08:33:21,DEPOSITO automático
TX000831,ACC000028,DEPOSITO,355.34,2026-01-21 12:03:01,DEPOSITO automático
TX000832,ACC000028,DEPOSITO,128.76,2026-01-29 23:09:08,DEPOSITO automático
TX000833,ACC000028,TRANSFER_IN,192.7,2026-01-11 14:06:54,TRANSFER_IN automático
TX000834,ACC000028,TRANSFER_IN,27.42,2026-02-18 18:53:09,TRANSFER_IN automático
TX000835,ACC000028,TRANSFER_OUT,27.73,2026-01-04 16:09:07,TRANSFER_OUT automático
TX000836,ACC000028,TRANSFER_IN,270.29,2026-01-19 21:06:06,TRANSFER_IN automático
TX000837,ACC000029,DEPOSITO,175.64,2026-02-26 03:36:34,DEPOSITO automático
TX000838,ACC000029,RETIRO,132.75,2026-01-24 14:44:18,RETIRO automático
TX000839,ACC000029,DEPOSITO,94.47,2026-01-14 22:40:14,DEPOSITO automático
TX000840,ACC000029,RETIRO,67.68,2026-02-23 05:01:15,RETIRO automático
TX000841,ACC000029,RETIRO,102.96,2026-01-17 10:26:51,RETIRO automático
TX000842,ACC000029,DEPOSITO,488.67,2026-02-16 02:03:11,DEPOSITO automático
TX000843,ACC000029,DEPOSITO,381.11,2026-02-06 13:42:50,DEPOSITO automático
TX000844,ACC000029,DEPOSITO,118.47,2026-02-22 19:35:10,DEPOSITO automático
TX000845,ACC000029,TRANSFER_IN,139.17,2026-02-27 14:09:57,TRANSFER_IN automático
TX000846,ACC000029,RETIRO,84.12,2026-01-17 00:15:46,RETIRO automático
TX000847,ACC000029,DEPOSITO,146.78,2026-01-31 11:23:37,DEPOSITO automático
TX000848,ACC000029,TRANSFER_IN,280.04,2026-02-24 21:48:17,TRANSFER_IN automático
TX000849,ACC000029,RETIRO,113.11,2026-01-04 18:05:41,RETIRO automático
TX000850,ACC000029,DEPOSITO,387.95,2026-02-23 19:16:03,DEPOSITO automático
TX000851,ACC000029,DEPOSITO,155.23,2026-02-04 11:07:29,DEPOSITO automático
TX000852,ACC000029,RETIRO,121.76,2026-01-22 17:25:56,RETIRO automático
TX000853,ACC000029,TRANSFER_OUT,64.12,2026-02-12 13:16:55,TRANSFER_OUT automático
TX000854,ACC000029,RETIRO,134.68,2026-01-07 11:49:43,RETIRO automático
TX000855,ACC000029,DEPOSITO,58.18,2026-01-25 17:20:54,DEPOSITO automático
TX000856,ACC000029,DEPOSITO,141.55,2026-01-01 12:29:28,DEPOSITO automático
TX000857,ACC000029,TRANSFER_IN,223.5,2026-01-23 09:48:25,TRANSFER_IN automático
TX000858,ACC000029,DEPOSITO,288.01,2026-02-15 01:27:11,DEPOSITO automático
TX000859,ACC000029,RETIRO,109.48,2026-02-06 02:04:55,RETIRO automático
TX000860,ACC000029,DEPOSITO,301.87,2026-01-23 15:19:37,DEPOSITO automático
TX000861,ACC000029,DEPOSITO,239.39,2026-02-14 00:08:17,DEPOSITO automático
TX000862,ACC000029,RETIRO,133.76,2026-01-07 06:00:38,RETIRO automático
TX000863,ACC000029,DEPOSITO,15.9,2026-01-23 05:18:44,DEPOSITO automático
TX000864,ACC000029,DEPOSITO,211.21,2026-01-13 05:54:50,DEPOSITO automático
TX000865,ACC000029,DEPOSITO,363.54,2026-02-21 12:51:08,DEPOSITO automático
TX000866,ACC000029,RETIRO,126.66,2026-02-16 10:12:36,RETIRO automático
TX000867,ACC000029,DEPOSITO,137.37,2026-02-09 15:11:07,DEPOSITO automático
TX000868,ACC000029,DEPOSITO,369.68,2026-02-28 08:24:06,DEPOSITO automático
TX000869,ACC000029,DEPOSITO,398.96,2026-01-06 20:48:30,DEPOSITO automático
TX000870,ACC000029,RETIRO,174.77,2026-01-05 13:11:55,RETIRO automático
TX000871,ACC000029,DEPOSITO,438.12,2026-02-05 14:06:58,DEPOSITO automático
TX000872,ACC000029,TRANSFER_OUT,79.21,2026-02-07 13:52:11,TRANSFER_OUT automático
TX000873,ACC000029,RETIRO,123.96,2026-02-15 06:42:02,RETIRO automático
TX000874,ACC000029,DEPOSITO,280.87,2026-01-02 03:16:22,DEPOSITO automático
TX000875,ACC000030,DEPOSITO,314.38,2026-02-02 01:12:18,DEPOSITO automático
TX000876,ACC000030,DEPOSITO,189.13,2026-02-27 20:20:51,DEPOSITO automático
TX000877,ACC000030,DEPOSITO,197.45,2026-02-25 10:35:11,DEPOSITO automático
TX000878,ACC000030,RETIRO,132.51,2026-02-01 11:24:18,RETIRO automático
TX000879,ACC000030,DEPOSITO,323.96,2026-01-03 23:12:52,DEPOSITO automático
TX000880,ACC000030,TRANSFER_IN,279.94,2026-01-29 09:12:48,TRANSFER_IN automático
TX000881,ACC000030,DEPOSITO,226.95,2026-02-07 17:45:08,DEPOSITO automático
TX000882,ACC000030,RETIRO,191.85,2026-02-13 06:10:45,RETIRO automático
TX000883,ACC000030,TRANSFER_IN,49.59,2026-02-21 02:15:48,TRANSFER_IN automático
TX000884,ACC000030,TRANSFER_OUT,59.15,2026-01-04 02:36:41,TRANSFER_OUT automático
TX000885,ACC000030,TRANSFER_OUT,248.53,2026-01-24 08:38:48,TRANSFER_OUT automático
TX000886,ACC000030,DEPOSITO,441.27,2026-02-21 15:30:48,DEPOSITO automático
TX000887,ACC000030,TRANSFER_IN,72.6,2026-02-11 05:19:54,TRANSFER_IN automático
TX000888,ACC000030,TRANSFER_IN,199.88,2026-01-12 09:35:16,TRANSFER_IN automático
TX000889,ACC000030,TRANSFER_OUT,254.45,2026-01-22 21:02:08,TRANSFER_OUT automático
TX000890,ACC000030,RETIRO,195.17,2026-02-10 12:53:02,RETIRO automático
TX000891,ACC000030,RETIRO,45.26,2026-01-20 20:28:15,RETIRO automático
TX000892,ACC000030,DEPOSITO,205.8,2026-02-24 19:19:53,DEPOSITO automático
TX000893,ACC000030,DEPOSITO,34.07,2026-01-12 07:06:09,DEPOSITO automático
TX000894,ACC000030,TRANSFER_OUT,147.44,2026-02-10 13:20:56,TRANSFER_OUT automático
TX000895,ACC000030,DEPOSITO,276.54,2026-02-03 09:08:14,DEPOSITO automático
TX000896,ACC000030,DEPOSITO,424.68,2026-01-11 04:34:06,DEPOSITO automático
TX000897,ACC000030,DEPOSITO,220.18,2026-02-07 23:01:19,DEPOSITO automático
TX000898,ACC000030,DEPOSITO,325.32,2026-02-07 04:34:37,DEPOSITO automático
TX000899,ACC000030,DEPOSITO,188.96,2026-02-01 10:06:41,DEPOSITO automático
TX000900,ACC000030,RETIRO,93.87,2026-01-14 21:25:13,RETIRO automático
TX000901,ACC000030,DEPOSITO,351.06,2026-01-27 18:01:04,DEPOSITO automático
TX000902,ACC000030,TRANSFER_IN,211.37,2026-02-01 06:10:36,TRANSFER_IN automático
TX000903,ACC000030,RETIRO,31.14,2026-02-15 21:43:35,RETIRO automático
TX000904,ACC000030,DEPOSITO,434.04,2026-01-27 18:32:14,DEPOSITO automático
TX000905,ACC000030,DEPOSITO,488.14,2026-01-28 15:00:25,DEPOSITO automático
TX000906,ACC000030,RETIRO,183.96,2026-01-24 19:14:04,RETIRO automático
TX000907,ACC000030,DEPOSITO,487.21,2026-02-16 18:36:56,DEPOSITO automático
TX000908,ACC000030,DEPOSITO,134.65,2026-02-10 07:46:29,DEPOSITO automático
TX000909,ACC000030,TRANSFER_IN,55.77,2026-02-03 09:36:05,TRANSFER_IN automático
TX000910,ACC000030,TRANSFER_OUT,38.57,2026-01-05 14:50:16,TRANSFER_OUT automático
TX000911,ACC000030,RETIRO,81.23,2026-01-16 08:32:38,RETIRO automático
TX000912,ACC000031,RETIRO,197.27,2026-01-09 14:10:17,RETIRO automático
TX000913,ACC000031,DEPOSITO,187.61,2026-02-10 18:38:08,DEPOSITO automático
TX000914,ACC000031,DEPOSITO,410.73,2026-01-05 02:17:01,DEPOSITO automático
TX000915,ACC000031,TRANSFER_IN,65.8,2026-02-28 07:15:03,TRANSFER_IN automático
TX000916,ACC000031,RETIRO,85.31,2026-01-01 04:38:18,RETIRO automático
TX000917,ACC000031,RETIRO,140.82,2026-01-28 22:11:51,RETIRO automático
TX000918,ACC000031,RETIRO,198.59,2026-01-08 17:01:38,RETIRO automático
TX000919,ACC000031,DEPOSITO,415.43,2026-02-16 18:47:46,DEPOSITO automático
TX000920,ACC000031,RETIRO,195.09,2026-01-26 11:59:14,RETIRO automático
TX000921,ACC000031,RETIRO,92.42,2026-01-08 09:02:11,RETIRO automático
TX000922,ACC000032,DEPOSITO,284.79,2026-01-26 00:58:45,DEPOSITO automático
TX000923,ACC000032,RETIRO,83.69,2026-02-02 13:28:19,RETIRO automático
TX000924,ACC000032,TRANSFER_OUT,210.61,2026-01-30 05:54:11,TRANSFER_OUT automático
TX000925,ACC000032,RETIRO,116.37,2026-01-12 22:33:30,RETIRO automático
TX000926,ACC000032,DEPOSITO,436.8,2026-01-29 11:23:47,DEPOSITO automático
TX000927,ACC000032,TRANSFER_IN,24.61,2026-01-21 08:09:58,TRANSFER_IN automático
TX000928,ACC000032,DEPOSITO,34.01,2026-01-07 23:56:10,DEPOSITO automático
TX000929,ACC000032,DEPOSITO,359.4,2026-02-01 12:04:30,DEPOSITO automático
TX000930,ACC000032,DEPOSITO,473.64,2026-02-10 00:49:38,DEPOSITO automático
TX000931,ACC000032,DEPOSITO,389.57,2026-02-12 04:21:21,DEPOSITO automático
TX000932,ACC000032,RETIRO,60.27,2026-02-08 01:32:40,RETIRO automático
TX000933,ACC000032,RETIRO,100.85,2026-01-16 10:27:51,RETIRO automático
TX000934,ACC000032,DEPOSITO,171.96,2026-01-08 22:20:19,DEPOSITO automático
TX000935,ACC000032,TRANSFER_OUT,188.33,2026-01-31 10:21:35,TRANSFER_OUT automático
TX000936,ACC000032,DEPOSITO,319.5,2026-02-03 23:36:02,DEPOSITO automático
TX000937,ACC000032,RETIRO,104.43,2026-01-27 17:24:16,RETIRO automático
TX000938,ACC000032,DEPOSITO,17.2,2026-01-01 12:59:08,DEPOSITO automático
TX000939,ACC000032,DEPOSITO,465.14,2026-01-21 20:09:18,DEPOSITO automático
TX000940,ACC000032,TRANSFER_OUT,231.58,2026-01-19 22:20:02,TRANSFER_OUT automático
TX000941,ACC000032,RETIRO,105.8,2026-02-28 12:00:11,RETIRO automático
TX000942,ACC000032,DEPOSITO,65.07,2026-02-05 02:34:56,DEPOSITO automático
TX000943,ACC000032,DEPOSITO,113.95,2026-02-24 14:22:33,DEPOSITO automático
TX000944,ACC000032,RETIRO,182.09,2026-01-03 18:01:26,RETIRO automático
TX000945,ACC000032,TRANSFER_OUT,131.24,2026-01-23 04:20:03,TRANSFER_OUT automático
TX000946,ACC000032,TRANSFER_IN,154.19,2026-01-10 10:58:26,TRANSFER_IN automático
TX000947,ACC000032,DEPOSITO,461.87,2026-02-22 19:17:32,DEPOSITO automático
TX000948,ACC000032,TRANSFER_OUT,159.67,2026-02-13 04:14:40,TRANSFER_OUT automático
TX000949,ACC000032,RETIRO,82.7,2026-01-20 07:01:04,RETIRO automático
TX000950,ACC000032,DEPOSITO,19.69,2026-02-22 12:01:07,DEPOSITO automático
TX000951,ACC000032,DEPOSITO,401.37,2026-02-23 12:48:03,DEPOSITO automático
TX000952,ACC000032,TRANSFER_OUT,197.41,2026-01-17 16:13:05,TRANSFER_OUT automático
TX000953,ACC000032,DEPOSITO,49.63,2026-01-15 09:02:47,DEPOSITO automático
TX000954,ACC000032,TRANSFER_OUT,260.95,2026-01-08 18:28:50,TRANSFER_OUT automático
TX000955,ACC000032,RETIRO,10.2,2026-02-18 00:01:33,RETIRO automático
TX000956,ACC000032,DEPOSITO,174.08,2026-02-23 06:32:06,DEPOSITO automático
TX000957,ACC000032,DEPOSITO,191.7,2026-01-19 03:03:33,DEPOSITO automático
TX000958,ACC000032,DEPOSITO,192.23,2026-01-31 12:20:57,DEPOSITO automático
TX000959,ACC000032,TRANSFER_IN,109.84,2026-02-10 02:41:45,TRANSFER_IN automático
TX000960,ACC000032,TRANSFER_IN,241.43,2026-02-28 04:43:12,TRANSFER_IN automático
TX000961,ACC000032,TRANSFER_OUT,158.67,2026-02-09 12:12:39,TRANSFER_OUT automático
TX000962,ACC000032,DEPOSITO,350.07,2026-01-24 14:04:15,DEPOSITO automático
TX000963,ACC000032,DEPOSITO,244.54,2026-01-21 00:00:16,DEPOSITO automático
TX000964,ACC000032,DEPOSITO,449.03,2026-02-21 14:01:15,DEPOSITO automático
TX000965,ACC000032,DEPOSITO,26.16,2026-01-29 02:35:10,DEPOSITO automático
TX000966,ACC000032,TRANSFER_IN,204.0,2026-02-15 02:20:54,TRANSFER_IN automático
TX000967,ACC000033,DEPOSITO,415.71,2026-01-29 19:16:06,DEPOSITO automático
TX000968,ACC000033,TRANSFER_OUT,149.83,2026-01-02 03:39:39,TRANSFER_OUT automático
TX000969,ACC000033,TRANSFER_OUT,228.41,2026-02-24 13:46:49,TRANSFER_OUT automático
TX000970,ACC000033,TRANSFER_OUT,122.67,2026-01-06 12:20:32,TRANSFER_OUT automático
TX000971,ACC000033,DEPOSITO,387.61,2026-02-12 23:36:49,DEPOSITO automático
TX000972,ACC000033,RETIRO,37.71,2026-01-26 11:36:26,RETIRO automático
TX000973,ACC000033,RETIRO,178.83,2026-01-15 15:59:48,RETIRO automático
TX000974,ACC000033,DEPOSITO,465.2,2026-01-24 02:24:49,DEPOSITO automático
TX000975,ACC000033,DEPOSITO,171.39,2026-01-17 11:36:18,DEPOSITO automático
TX000976,ACC000033,TRANSFER_IN,98.99,2026-01-29 00:51:17,TRANSFER_IN automático
TX000977,ACC000033,TRANSFER_OUT,63.58,2026-01-05 00:05:29,TRANSFER_OUT automático
TX000978,ACC000033,DEPOSITO,356.78,2026-02-04 15:44:56,DEPOSITO automático
TX000979,ACC000033,TRANSFER_OUT,45.42,2026-02-27 05:55:15,TRANSFER_OUT automático
TX000980,ACC000033,TRANSFER_OUT,38.68,2026-01-09 15:09:41,TRANSFER_OUT automático
TX000981,ACC000033,RETIRO,41.5,2026-02-03 06:11:24,RETIRO automático
TX000982,ACC000033,TRANSFER_IN,137.7,2026-01-15 01:47:20,TRANSFER_IN automático
TX000983,ACC000033,DEPOSITO,326.81,2026-02-07 04:31:11,DEPOSITO automático
TX000984,ACC000033,TRANSFER_OUT,100.05,2026-01-29 09:35:31,TRANSFER_OUT automático
TX000985,ACC000033,RETIRO,11.17,2026-02-26 02:30:42,RETIRO automático
TX000986,ACC000033,DEPOSITO,139.11,2026-02-18 00:50:42,DEPOSITO automático
TX000987,ACC000033,RETIRO,84.53,2026-02-07 21:35:50,RETIRO automático
TX000988,ACC000033,TRANSFER_OUT,158.49,2026-01-07 02:45:13,TRANSFER_OUT automático
TX000989,ACC000033,TRANSFER_OUT,213.63,2026-01-06 14:38:02,TRANSFER_OUT automático
TX000990,ACC000033,DEPOSITO,224.36,2026-02-17 22:38:46,DEPOSITO automático
TX000991,ACC000033,RETIRO,136.02,2026-02-02 16:32:46,RETIRO automático
TX000992,ACC000033,DEPOSITO,105.43,2026-02-24 11:45:40,DEPOSITO automático
TX000993,ACC000033,RETIRO,20.91,2026-01-16 19:26:32,RETIRO automático
TX000994,ACC000033,TRANSFER_IN,283.23,2026-01-24 09:47:31,TRANSFER_IN automático
TX000995,ACC000033,TRANSFER_OUT,276.65,2026-02-09 08:06:44,TRANSFER_OUT automático
TX000996,ACC000033,RETIRO,6.6,2026-01-23 12:40:21,RETIRO automático
TX000997,ACC000033,TRANSFER_OUT,209.67,2026-02-08 08:13:17,TRANSFER_OUT automático
TX000998,ACC000033,RETIRO,47.55,2026-01-25 12:54:52,RETIRO automático
TX000999,ACC000033,RETIRO,36.09,2026-02-09 05:23:35,RETIRO automático
TX001000,ACC000033,RETIRO,177.51,2026-02-08 01:21:40,RETIRO automático
TX001001,ACC000033,TRANSFER_OUT,268.12,2026-02-12 19:14:28,TRANSFER_OUT automático
TX001002,ACC000033,DEPOSITO,403.28,2026-02-06 02:01:21,DEPOSITO automático
TX001003,ACC000033,DEPOSITO,433.79,2026-02-17 20:59:43,DEPOSITO automático
TX001004,ACC000033,DEPOSITO,467.57,2026-02-25 18:04:35,DEPOSITO automático
TX001005,ACC000033,RETIRO,193.75,2026-01-06 03:37:53,RETIRO automático
TX001006,ACC000033,TRANSFER_IN,39.97,2026-01-18 16:56:46,TRANSFER_IN automático
TX001007,ACC000033,RETIRO,67.73,2026-01-02 12:10:33,RETIRO automático
TX001008,ACC000033,RETIRO,70.67,2026-02-12 23:10:28,RETIRO automático
TX001009,ACC000033,DEPOSITO,291.87,2026-01-05 18:13:14,DEPOSITO automático
TX001010,ACC000033,RETIRO,48.74,2026-01-20 07:34:15,RETIRO automático
TX001011,ACC000033,TRANSFER_IN,148.18,2026-01-31 03:27:40,TRANSFER_IN automático
TX001012,ACC000033,TRANSFER_IN,219.24,2026-02-01 15:29:24,TRANSFER_IN automático
TX001013,ACC000033,DEPOSITO,397.41,2026-02-06 17:05:58,DEPOSITO automático
TX001014,ACC000033,RETIRO,9.79,2026-02-12 22:15:31,RETIRO automático
TX001015,ACC000033,RETIRO,15.02,2026-01-20 18:31:18,RETIRO automático
TX001016,ACC000034,RETIRO,188.02,2026-02-28 01:30:49,RETIRO automático
TX001017,ACC000034,RETIRO,130.64,2026-02-28 08:38:54,RETIRO automático
TX001018,ACC000034,DEPOSITO,399.78,2026-01-08 17:07:14,DEPOSITO automático
TX001019,ACC000034,DEPOSITO,282.99,2026-01-08 22:09:13,DEPOSITO automático
TX001020,ACC000034,TRANSFER_OUT,157.4,2026-01-20 20:16:18,TRANSFER_OUT automático
TX001021,ACC000034,TRANSFER_IN,202.86,2026-01-15 16:16:17,TRANSFER_IN automático
TX001022,ACC000034,DEPOSITO,205.59,2026-01-09 17:35:54,DEPOSITO automático
TX001023,ACC000034,TRANSFER_IN,200.35,2026-01-19 07:52:31,TRANSFER_IN automático
TX001024,ACC000034,RETIRO,13.49,2026-01-12 07:01:49,RETIRO automático
TX001025,ACC000034,TRANSFER_OUT,170.67,2026-02-26 05:48:19,TRANSFER_OUT automático
TX001026,ACC000034,TRANSFER_OUT,258.45,2026-02-12 12:40:26,TRANSFER_OUT automático
TX001027,ACC000034,DEPOSITO,126.16,2026-01-17 03:25:56,DEPOSITO automático
TX001028,ACC000034,DEPOSITO,276.91,2026-01-05 00:08:47,DEPOSITO automático
TX001029,ACC000035,TRANSFER_OUT,165.64,2026-01-13 10:14:22,TRANSFER_OUT automático
TX001030,ACC000035,DEPOSITO,208.22,2026-02-06 00:59:26,DEPOSITO automático
TX001031,ACC000035,DEPOSITO,185.32,2026-02-26 12:31:30,DEPOSITO automático
TX001032,ACC000035,RETIRO,106.9,2026-01-21 18:31:48,RETIRO automático
TX001033,ACC000035,RETIRO,152.37,2026-01-08 01:31:17,RETIRO automático
TX001034,ACC000035,RETIRO,57.53,2026-02-11 10:35:49,RETIRO automático
TX001035,ACC000035,DEPOSITO,75.0,2026-01-09 12:12:19,DEPOSITO automático
TX001036,ACC000035,RETIRO,67.58,2026-02-13 11:01:51,RETIRO automático
TX001037,ACC000035,DEPOSITO,285.58,2026-01-30 07:45:40,DEPOSITO automático
TX001038,ACC000035,RETIRO,120.64,2026-02-22 05:34:36,RETIRO automático
TX001039,ACC000035,DEPOSITO,263.41,2026-01-20 00:09:22,DEPOSITO automático
TX001040,ACC000035,RETIRO,6.6,2026-02-23 18:31:39,RETIRO automático
TX001041,ACC000035,DEPOSITO,162.9,2026-01-16 15:07:22,DEPOSITO automático
TX001042,ACC000035,RETIRO,30.32,2026-01-02 17:29:51,RETIRO automático
TX001043,ACC000035,RETIRO,128.46,2026-01-09 02:58:20,RETIRO automático
TX001044,ACC000035,DEPOSITO,414.44,2026-01-01 12:06:39,DEPOSITO automático
TX001045,ACC000035,DEPOSITO,77.82,2026-02-06 06:15:14,DEPOSITO automático
TX001046,ACC000035,RETIRO,126.11,2026-01-23 21:05:07,RETIRO automático
TX001047,ACC000035,DEPOSITO,435.9,2026-01-15 18:47:51,DEPOSITO automático
TX001048,ACC000035,RETIRO,70.89,2026-01-23 07:25:02,RETIRO automático
TX001049,ACC000035,DEPOSITO,495.04,2026-02-27 07:02:22,DEPOSITO automático
TX001050,ACC000035,DEPOSITO,400.09,2026-01-02 14:16:46,DEPOSITO automático
TX001051,ACC000035,DEPOSITO,23.11,2026-01-10 00:43:09,DEPOSITO automático
TX001052,ACC000035,RETIRO,166.47,2026-02-08 10:00:15,RETIRO automático
TX001053,ACC000035,RETIRO,155.13,2026-02-15 06:25:48,RETIRO automático
TX001054,ACC000035,DEPOSITO,422.26,2026-01-19 08:50:18,DEPOSITO automático
TX001055,ACC000035,DEPOSITO,93.33,2026-01-04 18:33:44,DEPOSITO automático
TX001056,ACC000035,DEPOSITO,382.63,2026-02-16 07:08:36,DEPOSITO automático
TX001057,ACC000035,TRANSFER_OUT,295.67,2026-01-19 21:21:08,TRANSFER_OUT automático
TX001058,ACC000035,DEPOSITO,334.32,2026-01-23 02:33:56,DEPOSITO automático
TX001059,ACC000035,TRANSFER_OUT,43.67,2026-02-01 02:01:35,TRANSFER_OUT automático
TX001060,ACC000035,DEPOSITO,48.31,2026-01-29 14:49:08,DEPOSITO automático
TX001061,ACC000035,DEPOSITO,101.83,2026-02-18 21:33:49,DEPOSITO automático
TX001062,ACC000035,TRANSFER_IN,275.21,2026-02-21 22:45:21,TRANSFER_IN automático
TX001063,ACC000035,DEPOSITO,14.06,2026-01-19 03:47:58,DEPOSITO automático
TX001064,ACC000035,TRANSFER_IN,143.15,2026-02-20 22:10:55,TRANSFER_IN automático
TX001065,ACC000035,DEPOSITO,407.92,2026-01-07 19:16:31,DEPOSITO automático
TX001066,ACC000035,DEPOSITO,317.92,2026-01-16 14:27:00,DEPOSITO automático
TX001067,ACC000035,RETIRO,101.8,2026-02-20 01:08:28,RETIRO automático
TX001068,ACC000035,TRANSFER_OUT,299.05,2026-02-20 20:55:19,TRANSFER_OUT automático
TX001069,ACC000035,RETIRO,47.29,2026-01-01 14:03:02,RETIRO automático
TX001070,ACC000035,TRANSFER_OUT,194.02,2026-01-12 13:59:11,TRANSFER_OUT automático
TX001071,ACC000035,TRANSFER_IN,25.14,2026-01-11 19:16:10,TRANSFER_IN automático
TX001072,ACC000035,TRANSFER_OUT,38.13,2026-02-01 00:11:37,TRANSFER_OUT automático
TX001073,ACC000035,TRANSFER_OUT,135.76,2026-02-09 09:33:29,TRANSFER_OUT automático
TX001074,ACC000035,RETIRO,69.56,2026-02-07 03:11:49,RETIRO automático
TX001075,ACC000035,RETIRO,63.93,2026-01-14 22:37:35,RETIRO automático
TX001076,ACC000036,TRANSFER_OUT,250.74,2026-02-20 08:10:36,TRANSFER_OUT automático
TX001077,ACC000036,TRANSFER_IN,288.12,2026-01-10 00:02:18,TRANSFER_IN automático
TX001078,ACC000036,TRANSFER_OUT,244.94,2026-01-18 13:56:41,TRANSFER_OUT automático
TX001079,ACC000036,TRANSFER_OUT,169.88,2026-01-23 23:40:42,TRANSFER_OUT automático
TX001080,ACC000036,TRANSFER_OUT,36.77,2026-02-18 13:34:16,TRANSFER_OUT automático
TX001081,ACC000036,TRANSFER_IN,38.35,2026-01-22 14:55:39,TRANSFER_IN automático
TX001082,ACC000036,RETIRO,62.07,2026-01-20 14:29:10,RETIRO automático
TX001083,ACC000036,DEPOSITO,96.35,2026-02-13 20:40:50,DEPOSITO automático
TX001084,ACC000036,DEPOSITO,95.02,2026-02-13 21:02:17,DEPOSITO automático
TX001085,ACC000036,TRANSFER_OUT,172.0,2026-02-14 10:56:40,TRANSFER_OUT automático
TX001086,ACC000036,TRANSFER_OUT,31.88,2026-02-19 09:20:02,TRANSFER_OUT automático
TX001087,ACC000036,TRANSFER_OUT,14.87,2026-02-04 22:27:08,TRANSFER_OUT automático
TX001088,ACC000037,DEPOSITO,489.55,2026-01-26 01:21:58,DEPOSITO automático
TX001089,ACC000037,DEPOSITO,219.76,2026-02-06 04:48:09,DEPOSITO automático
TX001090,ACC000037,RETIRO,5.66,2026-01-31 01:58:00,RETIRO automático
TX001091,ACC000037,TRANSFER_OUT,32.23,2026-01-08 15:02:37,TRANSFER_OUT automático
TX001092,ACC000037,DEPOSITO,146.43,2026-02-01 08:15:10,DEPOSITO automático
TX001093,ACC000037,DEPOSITO,313.6,2026-02-07 14:35:54,DEPOSITO automático
TX001094,ACC000037,DEPOSITO,103.05,2026-01-20 21:00:09,DEPOSITO automático
TX001095,ACC000037,RETIRO,59.8,2026-01-25 10:03:32,RETIRO automático
TX001096,ACC000037,TRANSFER_IN,65.8,2026-01-10 22:51:34,TRANSFER_IN automático
TX001097,ACC000037,DEPOSITO,117.36,2026-01-01 01:28:03,DEPOSITO automático
TX001098,ACC000037,RETIRO,139.39,2026-02-16 21:11:51,RETIRO automático
TX001099,ACC000037,TRANSFER_IN,71.68,2026-01-26 10:31:54,TRANSFER_IN automático
TX001100,ACC000037,RETIRO,104.78,2026-01-28 19:18:49,RETIRO automático
TX001101,ACC000037,TRANSFER_IN,223.78,2026-02-12 11:15:10,TRANSFER_IN automático
TX001102,ACC000037,DEPOSITO,298.32,2026-01-23 09:02:12,DEPOSITO automático
TX001103,ACC000037,DEPOSITO,292.7,2026-01-01 00:14:30,DEPOSITO automático
TX001104,ACC000037,DEPOSITO,372.21,2026-02-23 05:58:34,DEPOSITO automático
TX001105,ACC000037,DEPOSITO,486.74,2026-01-05 16:53:59,DEPOSITO automático
TX001106,ACC000037,TRANSFER_OUT,34.87,2026-01-27 08:46:20,TRANSFER_OUT automático
TX001107,ACC000037,RETIRO,94.15,2026-01-26 12:36:58,RETIRO automático
TX001108,ACC000037,DEPOSITO,80.52,2026-02-05 16:08:27,DEPOSITO automático
TX001109,ACC000038,TRANSFER_IN,77.92,2026-01-10 04:40:04,TRANSFER_IN automático
TX001110,ACC000038,RETIRO,89.04,2026-01-30 00:40:32,RETIRO automático
TX001111,ACC000038,RETIRO,128.29,2026-02-08 22:10:48,RETIRO automático
TX001112,ACC000038,TRANSFER_IN,195.7,2026-02-18 11:13:08,TRANSFER_IN automático
TX001113,ACC000038,TRANSFER_OUT,283.37,2026-02-25 16:28:45,TRANSFER_OUT automático
TX001114,ACC000038,DEPOSITO,89.49,2026-02-06 18:04:56,DEPOSITO automático
TX001115,ACC000038,TRANSFER_OUT,79.98,2026-02-22 09:31:21,TRANSFER_OUT automático
TX001116,ACC000038,DEPOSITO,334.59,2026-01-22 16:09:17,DEPOSITO automático
TX001117,ACC000038,DEPOSITO,397.54,2026-02-15 15:52:08,DEPOSITO automático
TX001118,ACC000038,TRANSFER_IN,95.79,2026-02-10 09:49:24,TRANSFER_IN automático
TX001119,ACC000038,TRANSFER_OUT,178.81,2026-01-30 15:37:13,TRANSFER_OUT automático
TX001120,ACC000038,TRANSFER_OUT,61.47,2026-02-12 11:27:28,TRANSFER_OUT automático
TX001121,ACC000039,DEPOSITO,270.62,2026-02-19 17:38:56,DEPOSITO automático
TX001122,ACC000039,RETIRO,87.56,2026-02-28 09:47:53,RETIRO automático
TX001123,ACC000039,DEPOSITO,117.98,2026-02-03 12:19:45,DEPOSITO automático
TX001124,ACC000039,DEPOSITO,470.68,2026-01-25 02:49:19,DEPOSITO automático
TX001125,ACC000039,RETIRO,199.1,2026-01-29 09:11:48,RETIRO automático
TX001126,ACC000039,RETIRO,53.84,2026-01-13 15:39:23,RETIRO automático
TX001127,ACC000039,TRANSFER_OUT,184.27,2026-02-19 05:36:40,TRANSFER_OUT automático
TX001128,ACC000039,DEPOSITO,42.22,2026-01-02 06:15:29,DEPOSITO automático
TX001129,ACC000039,RETIRO,126.57,2026-01-27 10:34:42,RETIRO automático
TX001130,ACC000039,DEPOSITO,306.32,2026-02-26 05:14:42,DEPOSITO automático
TX001131,ACC000039,RETIRO,158.7,2026-01-29 02:53:43,RETIRO automático
TX001132,ACC000039,RETIRO,122.29,2026-02-24 22:00:09,RETIRO automático
TX001133,ACC000039,TRANSFER_OUT,260.05,2026-02-07 03:40:35,TRANSFER_OUT automático
TX001134,ACC000039,DEPOSITO,322.93,2026-01-06 12:09:38,DEPOSITO automático
TX001135,ACC000039,DEPOSITO,93.6,2026-01-22 11:01:23,DEPOSITO automático
TX001136,ACC000039,TRANSFER_IN,34.9,2026-02-17 10:00:45,TRANSFER_IN automático
TX001137,ACC000039,RETIRO,47.04,2026-02-07 08:09:43,RETIRO automático
TX001138,ACC000039,RETIRO,6.72,2026-02-23 23:34:41,RETIRO automático
TX001139,ACC000039,RETIRO,118.62,2026-02-10 22:58:12,RETIRO automático
TX001140,ACC000039,TRANSFER_OUT,240.77,2026-01-11 01:21:14,TRANSFER_OUT automático
TX001141,ACC000039,RETIRO,193.32,2026-01-22 22:30:16,RETIRO automático
TX001142,ACC000039,TRANSFER_OUT,57.12,2026-01-10 17:20:32,TRANSFER_OUT automático
TX001143,ACC000040,TRANSFER_OUT,238.56,2026-02-01 11:09:14,TRANSFER_OUT automático
TX001144,ACC000040,DEPOSITO,416.08,2026-02-01 07:39:23,DEPOSITO automático
TX001145,ACC000040,RETIRO,60.2,2026-01-31 08:37:15,RETIRO automático
TX001146,ACC000040,RETIRO,90.12,2026-02-17 20:18:18,RETIRO automático
TX001147,ACC000040,DEPOSITO,436.05,2026-02-20 10:26:22,DEPOSITO automático
TX001148,ACC000040,TRANSFER_OUT,174.19,2026-01-12 23:49:41,TRANSFER_OUT automático
TX001149,ACC000040,RETIRO,79.03,2026-01-04 22:58:28,RETIRO automático
TX001150,ACC000040,TRANSFER_IN,119.37,2026-02-27 20:25:04,TRANSFER_IN automático
TX001151,ACC000040,RETIRO,47.46,2026-02-17 12:20:48,RETIRO automático
TX001152,ACC000040,TRANSFER_IN,265.13,2026-02-18 20:13:38,TRANSFER_IN automático
TX001153,ACC000040,RETIRO,86.41,2026-01-10 09:45:27,RETIRO automático
TX001154,ACC000040,TRANSFER_IN,248.0,2026-02-13 06:10:09,TRANSFER_IN automático
TX001155,ACC000040,DEPOSITO,377.45,2026-01-28 03:05:09,DEPOSITO automático
TX001156,ACC000040,TRANSFER_OUT,230.48,2026-02-08 05:21:10,TRANSFER_OUT automático
TX001157,ACC000040,DEPOSITO,406.13,2026-02-14 13:06:12,DEPOSITO automático
TX001158,ACC000040,DEPOSITO,327.2,2026-02-15 01:19:06,DEPOSITO automático
TX001159,ACC000040,TRANSFER_IN,143.21,2026-02-28 12:45:26,TRANSFER_IN automático
TX001160,ACC000040,RETIRO,54.86,2026-02-25 16:59:50,RETIRO automático
TX001161,ACC000040,TRANSFER_OUT,79.58,2026-02-23 02:58:40,TRANSFER_OUT automático
TX001162,ACC000040,RETIRO,56.61,2026-01-28 01:03:49,RETIRO automático
TX001163,ACC000040,RETIRO,17.88,2026-02-10 06:30:03,RETIRO automático
TX001164,ACC000040,TRANSFER_OUT,282.61,2026-02-01 16:12:31,TRANSFER_OUT automático
TX001165,ACC000040,TRANSFER_OUT,227.18,2026-01-16 08:18:11,TRANSFER_OUT automático
TX001166,ACC000040,DEPOSITO,53.98,2026-01-03 16:03:48,DEPOSITO automático
TX001167,ACC000040,RETIRO,33.03,2026-01-09 05:32:32,RETIRO automático
TX001168,ACC000040,DEPOSITO,25.43,2026-01-09 21:17:07,DEPOSITO automático
TX001169,ACC000040,TRANSFER_OUT,27.59,2026-02-08 11:53:52,TRANSFER_OUT automático
TX001170,ACC000040,DEPOSITO,294.38,2026-02-02 21:01:32,DEPOSITO automático
TX001171,ACC000040,TRANSFER_IN,259.85,2026-02-10 07:37:56,TRANSFER_IN automático
TX001172,ACC000040,DEPOSITO,133.66,2026-01-03 08:45:36,DEPOSITO automático
TX001173,ACC000040,RETIRO,61.15,2026-01-27 23:29:47,RETIRO automático
TX001174,ACC000040,DEPOSITO,450.54,2026-01-31 22:50:31,DEPOSITO automático
TX001175,ACC000040,RETIRO,103.75,2026-02-20 23:18:46,RETIRO automático
TX001176,ACC000040,TRANSFER_OUT,245.7,2026-01-24 22:26:18,TRANSFER_OUT automático
TX001177,ACC000040,DEPOSITO,398.89,2026-02-26 11:15:18,DEPOSITO automático
TX001178,ACC000040,TRANSFER_OUT,171.99,2026-02-06 00:24:39,TRANSFER_OUT automático
TX001179,ACC000040,RETIRO,160.75,2026-01-28 18:50:21,RETIRO automático
TX001180,ACC000040,RETIRO,69.91,2026-01-28 17:18:17,RETIRO automático
TX001181,ACC000040,RETIRO,143.44,2026-01-13 00:41:25,RETIRO automático
TX001182,ACC000041,TRANSFER_IN,176.0,2026-01-26 21:20:59,TRANSFER_IN automático
TX001183,ACC000041,RETIRO,17.71,2026-01-25 15:03:27,RETIRO automático
TX001184,ACC000041,DEPOSITO,168.24,2026-02-27 09:26:26,DEPOSITO automático
TX001185,ACC000041,DEPOSITO,214.27,2026-02-20 10:20:23,DEPOSITO automático
TX001186,ACC000041,RETIRO,23.53,2026-01-22 11:31:10,RETIRO automático
TX001187,ACC000041,RETIRO,42.99,2026-02-13 08:37:55,RETIRO automático
TX001188,ACC000041,RETIRO,111.9,2026-01-09 18:44:32,RETIRO automático
TX001189,ACC000041,DEPOSITO,351.14,2026-02-01 10:55:10,DEPOSITO automático
TX001190,ACC000041,DEPOSITO,250.06,2026-02-23 03:33:21,DEPOSITO automático
TX001191,ACC000041,DEPOSITO,297.97,2026-02-20 19:58:55,DEPOSITO automático
TX001192,ACC000041,RETIRO,14.96,2026-02-27 16:11:30,RETIRO automático
TX001193,ACC000041,DEPOSITO,125.14,2026-02-22 22:40:58,DEPOSITO automático
TX001194,ACC000041,TRANSFER_IN,46.2,2026-02-03 16:17:28,TRANSFER_IN automático
TX001195,ACC000041,DEPOSITO,460.56,2026-01-17 20:14:13,DEPOSITO automático
TX001196,ACC000041,TRANSFER_OUT,20.63,2026-02-16 16:43:02,TRANSFER_OUT automático
TX001197,ACC000041,TRANSFER_OUT,282.95,2026-01-05 13:36:30,TRANSFER_OUT automático
TX001198,ACC000041,DEPOSITO,287.96,2026-02-19 23:15:43,DEPOSITO automático
TX001199,ACC000041,DEPOSITO,435.85,2026-01-28 00:59:58,DEPOSITO automático
TX001200,ACC000041,TRANSFER_OUT,111.81,2026-01-07 17:31:41,TRANSFER_OUT automático
TX001201,ACC000041,DEPOSITO,151.14,2026-02-07 16:13:57,DEPOSITO automático
TX001202,ACC000041,RETIRO,124.85,2026-01-09 04:29:47,RETIRO automático
TX001203,ACC000041,DEPOSITO,493.49,2026-02-22 02:57:25,DEPOSITO automático
TX001204,ACC000041,DEPOSITO,379.6,2026-02-07 04:10:15,DEPOSITO automático
TX001205,ACC000041,TRANSFER_IN,267.78,2026-02-21 12:44:51,TRANSFER_IN automático
TX001206,ACC000041,RETIRO,133.7,2026-01-02 12:59:09,RETIRO automático
TX001207,ACC000041,TRANSFER_OUT,24.4,2026-01-12 09:36:17,TRANSFER_OUT automático
TX001208,ACC000022,DEPOSITO,5000,2026-02-15 10:00:00,Depósito anómalo grande
TX001209,ACC000001,DEPOSITO,45,2026-02-20 09:00:00,Depósito pequeño
TX001210,ACC000001,DEPOSITO,46,2026-02-20 10:00:00,Depósito pequeño
TX001211,ACC000001,DEPOSITO,47,2026-02-20 11:00:00,Depósito pequeño
TX001212,ACC000001,DEPOSITO,48,2026-02-20 12:00:00,Depósito pequeño
TX001213,ACC000001,DEPOSITO,49,2026-02-20 13:00:00,Depósito pequeño
TX001214,ACC000016,RETIRO,58.3,2026-02-25 22:23:00,Actividad nocturna
TX001215,ACC000016,RETIRO,95.46,2026-02-25 23:47:00,Actividad nocturna
TX001216,ACC000016,RETIRO,52.66,2026-02-25 00:21:00,Actividad nocturna
TX001217,ACC000016,RETIRO,68.4,2026-02-25 01:09:00,Actividad nocturna
TX001218,ACC000016,RETIRO,29.25,2026-02-25 02:53:00,Actividad nocturna
TX001219,ACC000016,RETIRO,26.69,2026-02-25 03:35:00,Actividad nocturna
TX_001220,ACC000001,DEPOSITO,100.0,2026-02-21 23:29:18,Depósito
TX_001221,ACC000001,RETIRO,50.0,2026-02-21 23:30:08,Retiro
TX_001222,ACC000001,TRANSFER_OUT,100.0,2026-02-21 23:32:50,Transferencia a ACC000002
TX_001223,ACC000002,TRANSFER_IN,100.0,2026-02-21 23:32:50,Transferencia de ACC000001
TX001224,ACC000001,DEPOSITO,500.0,2026-02-22 22:36:22,Depósito
TX001225,ACC000001,DEPOSITO,175.0,2026-02-22 22:49:57,Depósito
TX001226,ACC000001,RETIRO,500.0,2026-02-22 22:50:19,Retiro
TX001227,ACC000045,TRANSFER_OUT,1000.0,2026-02-23 19:05:02,Transferencia a ACC000042
TX001228,ACC000042,TRANSFER_IN,1000.0,2026-02-23 19:05:02,Transferencia de ACC000045
